-- phpMyAdmin SQL Dump
-- version 5.2.1
-- https://www.phpmyadmin.net/
--
-- Host: 127.0.0.1
-- Generation Time: Oct 18, 2023 at 07:59 PM
-- Server version: 10.4.28-MariaDB
-- PHP Version: 8.2.4

SET SQL_MODE = "NO_AUTO_VALUE_ON_ZERO";
START TRANSACTION;
SET time_zone = "+00:00";


/*!40101 SET @OLD_CHARACTER_SET_CLIENT=@@CHARACTER_SET_CLIENT */;
/*!40101 SET @OLD_CHARACTER_SET_RESULTS=@@CHARACTER_SET_RESULTS */;
/*!40101 SET @OLD_COLLATION_CONNECTION=@@COLLATION_CONNECTION */;
/*!40101 SET NAMES utf8mb4 */;

--
-- Database: `dangkyhoc`
--

-- --------------------------------------------------------

--
-- Table structure for table `classroom`
--

CREATE TABLE `classroom` (
  `classroom_code` varchar(6) NOT NULL,
  `major_code` varchar(2) DEFAULT NULL,
  `class_name` varchar(10) NOT NULL,
  `consultant` varchar(6) NOT NULL
) ENGINE=InnoDB DEFAULT CHARSET=utf8 COLLATE=utf8_general_ci;

--
-- Dumping data for table `classroom`
--

INSERT INTO `classroom` (`classroom_code`, `major_code`, `class_name`, `consultant`) VALUES
('TT34H1', 'TT', 'H1', 'CAN001');

-- --------------------------------------------------------

--
-- Table structure for table `enroll`
--

CREATE TABLE `enroll` (
  `id` int(11) NOT NULL,
  `student_code` varchar(6) NOT NULL,
  `schedule_id` int(11) NOT NULL,
  `date` datetime NOT NULL DEFAULT current_timestamp()
) ENGINE=InnoDB DEFAULT CHARSET=utf8 COLLATE=utf8_general_ci;

--
-- Dumping data for table `enroll`
--

INSERT INTO `enroll` (`id`, `student_code`, `schedule_id`, `date`) VALUES
(1, 'A41603', 423, '2023-10-17 17:17:45'),
(3, 'A41603', 651, '2023-10-17 17:18:28'),
(4, 'A41603', 618, '2023-10-17 17:27:05'),
(6, 'A41603', 258, '2023-10-17 18:14:14'),
(13, 'A43030', 423, '2023-10-18 12:16:33');

-- --------------------------------------------------------

--
-- Table structure for table `group`
--

CREATE TABLE `group` (
  `id_group` int(11) NOT NULL,
  `group_name` varchar(150) DEFAULT NULL
) ENGINE=InnoDB DEFAULT CHARSET=utf8 COLLATE=utf8_general_ci;

-- --------------------------------------------------------

--
-- Table structure for table `major`
--

CREATE TABLE `major` (
  `major_code` varchar(2) NOT NULL,
  `major_name` varchar(50) NOT NULL
) ENGINE=InnoDB DEFAULT CHARSET=utf8 COLLATE=utf8_general_ci;

--
-- Dumping data for table `major`
--

INSERT INTO `major` (`major_code`, `major_name`) VALUES
('TA', 'Trí tuệ nhân tạo'),
('TC', 'Mạng máy tính và truyền thông dữ liệu'),
('TI', 'Khoa học máy tính'),
('TT', 'Công nghệ thông tin');

-- --------------------------------------------------------

--
-- Table structure for table `major_teacher`
--

CREATE TABLE `major_teacher` (
  `major_code` varchar(2) NOT NULL,
  `teacher_code` varchar(6) NOT NULL
) ENGINE=InnoDB DEFAULT CHARSET=utf8 COLLATE=utf8_general_ci;

-- --------------------------------------------------------

--
-- Table structure for table `schedule`
--

CREATE TABLE `schedule` (
  `id` int(11) NOT NULL,
  `semester_id` int(11) DEFAULT NULL,
  `subject_code` varchar(10) NOT NULL,
  `class_name` varchar(100) NOT NULL,
  `day` int(11) NOT NULL,
  `shift` varchar(5) NOT NULL,
  `classroom` varchar(20) NOT NULL,
  `teacher_code` varchar(6) DEFAULT NULL,
  `num_student` smallint(6) DEFAULT 10
) ENGINE=InnoDB DEFAULT CHARSET=utf8 COLLATE=utf8_general_ci;

--
-- Dumping data for table `schedule`
--

INSERT INTO `schedule` (`id`, `semester_id`, `subject_code`, `class_name`, `day`, `shift`, `classroom`, `teacher_code`, `num_student`) VALUES
(1, 1, 'SK460', 'TTTOTNGHIEPCTXH.1', 1, '1-5', 'BOMON1', 'CXW016', 10),
(2, 1, 'AD206', 'AMTHUCVN.2_LT', 5, '3-5', 'B201', 'MDL026', 10),
(3, 1, 'AD206', 'AMTHUCVN.2.1_BT', 6, '1-4', 'BOMON1', 'MDL001', 10),
(4, 1, 'AD206', 'AMTHUCVN.2.2_BT', 6, '6-9', 'BOMON1', 'MDL001', 10),
(5, 1, 'TR223', 'BANDODL.1', 6, '6-10', 'A402', 'MXV052', 10),
(6, 1, 'FN335', 'BAOHIEM.1', 2, '6-7', 'B613', 'CQB019', 10),
(7, 1, 'FN335', 'BAOHIEM.1', 6, '8-10', 'B306', 'CQB019', 10),
(8, 1, 'GJ270', 'BOTROKNNHATTC1.3', 2, '8-10', 'A501', 'CNJ004', 10),
(9, 1, 'GJ270', 'BOTROKNNHATTC1.3', 3, '1-2', 'B604', 'CVE003', 10),
(10, 1, 'GJ270', 'BOTROKNNHATTC1.2', 3, '3-5', 'B304', 'CNJ021', 10),
(11, 1, 'GJ270', 'BOTROKNNHATTC1.1', 3, '3-5', 'B104', 'CNJ035', 10),
(12, 1, 'GJ270', 'BOTROKNNHATTC1.4', 3, '8-10', 'B610', 'CNJ005', 10),
(13, 1, 'GJ270', 'BOTROKNNHATTC1.5', 3, '8-10', 'B611', 'CNJ036', 10),
(14, 1, 'GJ270', 'BOTROKNNHATTC1.2', 5, '1-2', 'B604', 'CNJ039', 10),
(15, 1, 'GJ270', 'BOTROKNNHATTC1.5', 5, '6-7', 'B608', 'CNJ039', 10),
(16, 1, 'GJ270', 'BOTROKNNHATTC1.4', 5, '8-9', 'B608', 'CVE003', 10),
(17, 1, 'GJ270', 'BOTROKNNHATTC1.1', 6, '3-4', 'B607', 'CVE003', 10),
(18, 1, 'EC310', 'PPPTDINHLUONGKTE.8', 2, '1-2', 'B702', 'CQB010', 10),
(19, 1, 'EC310', 'PPPTDINHLUONGKTE.9', 2, '9-11', 'B704', 'CQB010', 10),
(20, 1, 'EC310', 'PPPTDINHLUONGKTE.9', 3, '6-7', 'B502', 'CQB010', 10),
(21, 1, 'EC310', 'PPPTDINHLUONGKTE.8', 4, '8-10', 'A507', 'CQB010', 10),
(22, 1, 'EC310', 'PPPTDINHLUONGKTE.9', 5, '1-2', 'A507', 'CQB010', 10),
(23, 1, 'EC310', 'PPPTDINHLUONGKTE.8', 7, '1-2', 'Afinance', 'CQB010', 10),
(24, 1, 'CF212', 'CAUTRUCDULIEU.1_LT', 2, '3-5', 'B708', 'CTI011', 10),
(25, 1, 'CF212', 'CAUTRUCDULIEU.6_LT', 3, '3-5', 'A706', 'PAI005', 10),
(26, 1, 'CF212', 'CAUTRUCDULIEU.1.1_BT', 4, '6-9', 'A705', 'CTI011', 10),
(27, 1, 'CF212', 'CAUTRUCDULIEU.6.1_BT', 5, '2-5', 'A706', 'PAI005', 10),
(28, 1, 'TC487', 'CĐTN:TTHONG&MANGMT.1', 1, '6-7', 'BOMON1', 'CTI030', 10),
(29, 1, 'BK490', 'CĐTN:CNNGANHANG.1', 2, '8-10', 'A505', 'CQB005', 10),
(30, 1, 'BK490', 'CĐTN:CNNGANHANG.1', 7, '6-8', 'B512', 'CQB005', 10),
(31, 1, 'IS484', 'CÐTN:CSODULIEU.1', 1, '3-5', 'BOMON1', 'PAI001', 10),
(32, 1, 'TR495', 'CĐTN:DGCHATLUONGDVDL.1', 3, '3-5', 'BOMON1', 'CDL005', 10),
(33, 1, 'TR495', 'CĐTN:DGCHATLUONGDVDL.1', 4, '4-5', 'BOMON1', 'CDL005', 10),
(34, 1, 'TR494', 'CĐTN:DGNGUONNLDL.1', 7, '6-10', 'A507', 'CQM004', 10),
(35, 1, 'VC446', 'CĐTN:DULICHTG.1', 3, '6-10', 'B503', 'MXV052', 10),
(36, 1, 'FN481', 'CĐTN:NGANHTCNH.1', 3, '6-8', 'B403', 'CQB022', 10),
(37, 1, 'FN481', 'CĐTN:NGANHTCNH.1', 6, '3-5', 'B401', 'CQB022', 10),
(38, 1, 'AI485', 'CDTN:NGANHTRITUENT.1', 1, '3-5', 'BOMON1', 'PAI001', 10),
(39, 1, 'SE487', 'CÐTN:PTPHANMEM.1', 1, '1-5', 'BOMON1', 'CTI019', 10),
(40, 1, 'ML115', 'CNXHKH.1 (LL)', 3, '1-12', 'Elearning', 'CGS001', 10),
(41, 1, 'IS222', 'CSODULIEU.5', 6, '6-7', 'A704', 'PAI006', 10),
(42, 1, 'IS222', 'CSODULIEU.4', 6, '8-10', 'B710', 'PAI006', 10),
(43, 1, 'IS222', 'CSODULIEU.1', 7, '1-2', 'B704', 'CTI015', 10),
(44, 1, 'IS222', 'CSODULIEU.2', 7, '3-5', 'B704', 'CTI015', 10),
(45, 1, 'IS222', 'CSODULIEU.1', 7, '6-8', 'A703', 'CTI015', 10),
(46, 1, 'IS222', 'CSODULIEU.4', 7, '6-7', 'B702', 'PAI006', 10),
(47, 1, 'IS222', 'CSODULIEU.5', 7, '8-10', 'B712', 'PAI006', 10),
(48, 1, 'IS222', 'CSODULIEU.2', 7, '9-10', 'B708', 'CTI015', 10),
(49, 1, 'IS325', 'COSODLPHANTAN.1_LT', 3, '1-2', 'A707', 'MTI044', 10),
(50, 1, 'IS325', 'COSODLPHANTAN.1.1_BT', 3, '3-5', 'A707', 'MTI044', 10),
(51, 1, 'VP302', 'COSOTTBAOCHI.1', 4, '8-10', 'A402', 'MXV029', 10),
(52, 1, 'FN317', 'CCTCHINHPHAISINH.2', 2, '10-12', 'A507', 'CQB006', 10),
(53, 1, 'FN317', 'CCTCHINHPHAISINH.1', 7, '3-5', 'A507', 'CQB006', 10),
(54, 1, 'CS102', 'CONGDANSO.3', 3, '6-7', 'B708', 'PEL002', 10),
(55, 1, 'CS102', 'CONGDANSO.4', 3, '8-9', 'B708', 'PEL002', 10),
(56, 1, 'CS102', 'CONGDANSO.5', 4, '1-2', 'B708', 'PEL001', 10),
(57, 1, 'CS102', 'CONGDANSO.6', 4, '3-4', 'B708', 'PEL001', 10),
(58, 1, 'CS102', 'CONGDANSO.7', 4, '6-7', 'B708', 'PEL002', 10),
(59, 1, 'CS102', 'CONGDANSO.8', 4, '8-9', 'B708', 'PEL002', 10),
(60, 1, 'CS102', 'CONGDANSO.9', 5, '1-2', 'B708', 'PEL001', 10),
(61, 1, 'CS102', 'CONGDANSO.10', 5, '3-4', 'B708', 'PEL001', 10),
(62, 1, 'CS102', 'CONGDANSO.3', 7, '1-12', 'ONLINE', 'PEL002', 10),
(63, 1, 'CS102', 'CONGDANSO.4', 7, '1-12', 'ONLINE', 'PEL002', 10),
(64, 1, 'CS102', 'CONGDANSO.10', 7, '1-12', 'ONLINE', 'PEL001', 10),
(65, 1, 'CS102', 'CONGDANSO.7', 7, '1-12', 'ONLINE', 'PEL002', 10),
(66, 1, 'CS102', 'CONGDANSO.8', 7, '1-12', 'ONLINE', 'PEL002', 10),
(67, 1, 'CS102', 'CONGDANSO.9', 7, '1-12', 'ONLINE', 'PEL001', 10),
(68, 1, 'CS102', 'CONGDANSO.5', 7, '1-12', 'ONLINE', 'PEL001', 10),
(69, 1, 'CS102', 'CONGDANSO.6', 7, '1-12', 'ONLINE', 'PEL001', 10),
(70, 1, 'SE302', 'CNPHANMEM.2_LT', 4, '6-7', 'A402', 'CTI022', 10),
(71, 1, 'SE302', 'CNPHANMEM.1_LT', 6, '6-7', 'B705', 'CTI022', 10),
(72, 1, 'SE302', 'CNPHANMEM.1.1_BT', 6, '8-10', 'B705', 'CTI022', 10),
(73, 1, 'SE302', 'CNPHANMEM.3_LT', 7, '1-2', 'B708', 'CTI014', 10),
(74, 1, 'SE302', 'CNPHANMEM.3.1_BT', 7, '8-10', 'A705', 'CTI014', 10),
(75, 1, 'SE302', 'CNPHANMEM.2.1_BT', 7, '8-10', 'B605', 'CTI022', 10),
(76, 1, 'IT333', 'CNWEB.1', 4, '1-2', 'A705', 'CTI038', 10),
(77, 1, 'IT333', 'CNWEB.2', 4, '3-5', 'A705', 'CTI038', 10),
(78, 1, 'IT333', 'CNWEB.2', 6, '1-2', 'A708', 'CTI038', 10),
(79, 1, 'IT333', 'CNWEB.1', 6, '3-5', 'A708', 'CTI038', 10),
(80, 1, 'IT333', 'CNWEB.3', 7, '6-10', 'A709', 'CTI038', 10),
(81, 1, 'LQ221', 'CONGPHAPQTE.1', 2, '1-3', 'A606', 'CXL016', 10),
(82, 1, 'LQ221', 'CONGPHAPQTE.2', 2, '4-5', 'A606', 'CXL016', 10),
(83, 1, 'LQ221', 'CONGPHAPQTE.1', 6, '1-2', 'A606', 'CXL016', 10),
(84, 1, 'LQ221', 'CONGPHAPQTE.2', 6, '3-5', 'A606', 'CXL016', 10),
(85, 1, 'SK301', 'CTXHBENHVIEN.1', 3, '6-8', 'B602', 'CXW022', 10),
(86, 1, 'MA142', 'DSTTUDKTE.5_LT', 2, '1-2', 'A303', 'CTM006', 10),
(87, 1, 'MA142', 'DSTTUDKTE.3.2_BT', 2, '3-5', 'B612', 'CTM011', 10),
(88, 1, 'MA142', 'DSTTUDKTE.4_LT', 2, '4-5', 'B503', 'CTM004', 10),
(89, 1, 'MA142', 'DSTTUDKTE.5.1_BT', 3, '1-3', 'B510', 'CTM006', 10),
(90, 1, 'MA142', 'DSTTUDKTE.5.2_BT', 3, '1-3', 'B610', 'CTM024', 10),
(91, 1, 'MA142', 'DSTTUDKTE.5_LT', 4, '1-3', 'A303', 'CTM006', 10),
(92, 1, 'MA142', 'DSTTUDKTE.4_LT', 4, '3-5', 'B503', 'CTM004', 10),
(93, 1, 'MA142', 'DSTTUDKTE.3_LT', 4, '4-5', 'A303', 'CTM009', 10),
(94, 1, 'MA142', 'DSTTUDKTE.4.1_BT', 5, '3-5', 'B612', 'CTM004', 10),
(95, 1, 'MA142', 'DSTTUDKTE.3_LT', 5, '3-5', 'A303', 'CTM009', 10),
(96, 1, 'MA142', 'DSTTUDKTE.4.2_BT', 6, '3-5', 'B612', 'CTM004', 10),
(97, 1, 'MA142', 'DSTTUDKTE.3.1_BT', 7, '1-3', 'B506', 'CTM007', 10),
(98, 1, 'AD241', 'DANCT(MC).4.1_BT', 1, '6-8', 'BOMON', 'CXC006', 10),
(99, 1, 'AD241', 'DANCT(MC).7.1_BT', 1, '6-8', 'BOMON1', 'CXC004', 10),
(100, 1, 'AD241', 'DANCT(MC).5.1_BT', 1, '6-8', 'BOMON', 'CXC001', 10),
(101, 1, 'AD241', 'DANCT(MC).6.1_BT', 1, '6-8', 'BOMON', 'CXC001', 10),
(102, 1, 'AD241', 'DANCT(MC).8.1_BT', 1, '6-8', 'BOMON1', 'CXC004', 10),
(103, 1, 'AD241', 'DANCT(MC).9.1_BT', 1, '6-8', 'BOMON1', 'CXC006', 10),
(104, 1, 'AD241', 'DANCT(MC).4_LT', 2, '3-5', 'A507', 'CXC006', 10),
(105, 1, 'AD241', 'DANCT(MC).5_LT', 2, '6-8', 'B610', 'CXC001', 10),
(106, 1, 'AD241', 'DANCT(MC).6_LT', 2, '9-11', 'B610', 'CXC001', 10),
(107, 1, 'AD241', 'DANCT(MC).7_LT', 3, '3-5', 'B612', 'CXC004', 10),
(108, 1, 'AD241', 'DANCT(MC).8_LT', 3, '6-8', 'B612', 'CXC004', 10),
(109, 1, 'AD241', 'DANCT(MC).9_LT', 3, '9-11', 'B612', 'CXC006', 10),
(110, 1, 'MD223', 'DANCTRINHTH.1.1_BT', 1, '8-10', 'BOMON', 'CXC004', 10),
(111, 1, 'MD223', 'DANCTRINHTH.2.1_BT', 1, '8-10', 'BOMON', 'CXC001', 10),
(112, 1, 'MD223', 'DANCTRINHTH.3.1_BT', 1, '8-10', 'BOMON', 'CXC006', 10),
(113, 1, 'MD223', 'DANCTRINHTH.1_LT', 4, '10-12', 'B410', 'CXC004', 10),
(114, 1, 'MD223', 'DANCTRINHTH.2_LT', 5, '10-12', 'B510', 'CXC001', 10),
(115, 1, 'MD223', 'DANCTRINHTH.3_LT', 6, '10-12', 'B510', 'CXC006', 10),
(116, 1, 'PH201', 'DAODUCYHOC.2', 7, '3-5', 'A506', '', 10),
(117, 1, 'PH201', 'DAODUCYHOC.1', 7, '6-8', 'B503', 'CSN062', 10),
(118, 1, 'FN334', 'DAUTUCK.4', 2, '6-7', 'Afinance', 'CQB024', 10),
(119, 1, 'FN334', 'DAUTUCK.5', 2, '8-10', 'Afinance', 'CQB024', 10),
(120, 1, 'FN334', 'DAUTUCK.5', 4, '6-7', 'Afinance', 'CQB024', 10),
(121, 1, 'FN334', 'DAUTUCK.4', 4, '8-10', 'Afinance', 'CQB024', 10),
(122, 1, 'FN334', 'DAUTUCK.6', 5, '8-10', 'Afinance', 'CQB015', 10),
(123, 1, 'FN334', 'DAUTUCK.6', 6, '6-7', 'Afinance', 'CQB015', 10),
(124, 1, 'FN438', 'DAUTUTAICHINH.1', 4, '1-5', 'Afinance', 'CQB010', 10),
(125, 1, 'FN438', 'DAUTUTAICHINH.1', 5, '6-7', 'Afinance', 'CQB010', 10),
(126, 1, 'TG200', 'DIALIDL(NDULICH).1', 2, '3-5', 'B201', 'CDL004', 10),
(127, 1, 'TG200', 'DIALIDL(NDULICH).1', 2, '6-7', 'A303', 'CDL004', 10),
(128, 1, 'TG200', 'DIALIDL(NDULICH).2', 4, '4-5', 'B201', 'CDL004', 10),
(129, 1, 'TG200', 'DIALIDL(NDULICH).2', 4, '8-10', 'B301', 'CDL004', 10),
(130, 1, 'VC127', 'DIALYVN.1', 7, '6-10', 'B501', 'MXV051', 10),
(131, 1, 'PH321', 'DTHCB&PLOAIBENH.1', 3, '6-7', 'A303', 'PSV030', 10),
(132, 1, 'PH321', 'DTHCB&PLOAIBENH.1', 3, '8-10', 'B301', 'PSV030', 10),
(133, 1, 'TR226', 'DIEMTUYENDL.1', 3, '1-2', 'B412', 'CDL004', 10),
(134, 1, 'TR226', 'DIEMTUYENDL.1', 3, '8-10', 'B308', 'CDL004', 10),
(135, 1, 'NR433', 'DDBENHNGKNC.1 (TC)', 2, '1-4', 'BENHVIEN', '', 10),
(136, 1, 'NR433', 'DDBENHNGKNC.1 (TC)', 3, '1-4', 'BENHVIEN', '', 10),
(137, 1, 'NR433', 'DDBENHNGKNC.1 (TC)', 4, '1-4', 'BENHVIEN', '', 10),
(138, 1, 'NR433', 'DDBENHNGKNC.1 (TC)', 5, '1-4', 'BENHVIEN', '', 10),
(139, 1, 'ND346', 'DINHDUONGTCNOI.1_LT', 2, '6-9', 'BOMON1', 'CSD001', 10),
(140, 1, 'ND346', 'DINHDUONGTCNOI.1.1_BT', 3, '6-8', 'BENHVIEN', 'CSD001', 10),
(141, 1, 'ND346', 'DINHDUONGTCNOI.1.1_BT', 4, '6-7', 'BENHVIEN', 'CSD001', 10),
(142, 1, 'ND346', 'DINHDUONGTCNOI.1.1_BT', 5, '6-7', 'BENHVIEN', 'CSD001', 10),
(143, 1, 'ND346', 'DINHDUONGTCNOI.1.1_BT', 6, '6-7', 'BENHVIEN', 'CSD001', 10),
(144, 1, 'FN436', 'DINHGIATAISAN.1', 4, '9-11', 'B203', 'CQB001', 10),
(145, 1, 'FN436', 'DINHGIATAISAN.1', 6, '6-7', 'B501', 'CQB001', 10),
(146, 1, 'IT380', 'DACNTT.2_LT', 3, '1-2', 'A708', 'MTI036', 10),
(147, 1, 'IT380', 'DACNTT.2.1_BT', 3, '3-5', 'A708', 'MTI036', 10),
(148, 1, 'IT380', 'DACNTT.1_LT', 5, '1-2', 'A708', 'MTI036', 10),
(149, 1, 'IT380', 'DACNTT.1.1_BT', 5, '3-5', 'A708', 'MTI036', 10),
(150, 1, 'TR341', 'DULICHVHOA.1', 3, '6-10', 'BOMON1', 'CDL005', 10),
(151, 1, 'IS330', 'DULIEULON.3_LT', 3, '6-7', 'B106', 'MTI049', 10),
(152, 1, 'IS330', 'DULIEULON.3.1_BT', 3, '8-10', 'B605', 'MTI049', 10),
(153, 1, 'IS330', 'DULIEULON.1_LT', 6, '6-7', 'A703', 'CTI041', 10),
(154, 1, 'IS330', 'DULIEULON.1.1_BT', 6, '8-10', 'A703', 'CTI041', 10),
(155, 1, 'IS330', 'DULIEULON.2_LT', 7, '6-7', 'A708', 'CTI041', 10),
(156, 1, 'IS330', 'DULIEULON.2.1_BT', 7, '8-10', 'A708', 'CTI041', 10),
(157, 1, 'PG123', 'GDQP:QP-AN.1', 1, '2-2', 'BOMON', '', 10),
(158, 1, 'PG122', 'GDQP:DLOIQSUDANG.1', 1, '1-1', 'BOMON', '', 10),
(159, 1, 'PG125', 'GDQP:BANSUNG.1', 1, '4-4', 'BOMON', '', 10),
(160, 1, 'PG124', 'GDQP:QSUCHUNG.1', 1, '3-3', 'BOMON', '', 10),
(161, 1, 'PG106', 'GDTC:BONGBANCB.11', 2, '6-7', 'NHATC', 'CGP003', 10),
(162, 1, 'PG106', 'GDTC:BONGBANCB.12', 2, '8-9', 'NHATC', 'CGP003', 10),
(163, 1, 'PG106', 'GDTC:BONGBANCB.13', 3, '1-2', 'NHATC', 'CGP003', 10),
(164, 1, 'PG106', 'GDTC:BONGBANCB.14', 3, '3-4', 'NHATC', 'CGP003', 10),
(165, 1, 'PG106', 'GDTC:BONGBANCB.15', 4, '6-7', 'NHATC', 'CGP002', 10),
(166, 1, 'PG106', 'GDTC:BONGBANCB.16', 4, '8-9', 'NHATC', 'CGP002', 10),
(167, 1, 'PG106', 'GDTC:BONGBANCB.17', 5, '1-2', 'NHATC', 'CGP003', 10),
(168, 1, 'PG106', 'GDTC:BONGBANCB.18', 5, '3-4', 'NHATC', 'CGP003', 10),
(169, 1, 'PG106', 'GDTC:BONGBANCB.19', 6, '6-7', 'NHATC', 'CGP003', 10),
(170, 1, 'PG106', 'GDTC:BONGBANCB.20', 6, '8-9', 'NHATC', 'CGP003', 10),
(171, 1, 'PG106', 'GDTC:BONGBANCB.21', 7, '1-2', 'NHATC', 'CGP003', 10),
(172, 1, 'PG106', 'GDTC:BONGBANCB.22', 7, '3-4', 'NHATC', 'CGP003', 10),
(173, 1, 'PG115', 'GDTC:BONGCHUYENCB.11', 2, '1-2', 'NHATC', 'CGP006', 10),
(174, 1, 'PG115', 'GDTC:BONGCHUYENCB.12', 2, '3-4', 'NHATC', 'CGP006', 10),
(175, 1, 'PG115', 'GDTC:BONGCHUYENCB.13', 4, '1-2', 'NHATC', 'CGP002', 10),
(176, 1, 'PG115', 'GDTC:BONGCHUYENCB.14', 4, '3-4', 'NHATC', 'CGP002', 10),
(177, 1, 'PG115', 'GDTC:BONGCHUYENCB.15', 5, '1-2', 'NHATC', 'CGP006', 10),
(178, 1, 'PG115', 'GDTC:BONGCHUYENCB.16', 5, '3-4', 'NHATC', 'CGP006', 10),
(179, 1, 'PG115', 'GDTC:BONGCHUYENCB.17', 6, '1-2', 'NHATC', 'CGP006', 10),
(180, 1, 'PG115', 'GDTC:BONGCHUYENCB.18', 6, '3-4', 'NHATC', 'CGP006', 10),
(181, 1, 'PG115', 'GDTC:BONGCHUYENCB.19', 6, '6-7', 'NHATC', 'CGP002', 10),
(182, 1, 'PG115', 'GDTC:BONGCHUYENCB.20', 6, '8-9', 'NHATC', 'CGP002', 10),
(183, 1, 'PG115', 'GDTC:BONGCHUYENCB.21', 7, '1-2', 'NHATC', 'CGP006', 10),
(184, 1, 'PG115', 'GDTC:BONGCHUYENCB.22', 7, '3-4', 'NHATC', 'CGP006', 10),
(185, 1, 'PG113', 'GDTC:BONGROCB.11', 2, '6-7', 'NHATC', 'CGP001', 10),
(186, 1, 'PG113', 'GDTC:BONGROCB.12', 2, '8-9', 'NHATC', 'CGP001', 10),
(187, 1, 'PG113', 'GDTC:BONGROCB.13', 3, '6-7', 'NHATC', 'CGP007', 10),
(188, 1, 'PG113', 'GDTC:BONGROCB.14', 3, '8-9', 'NHATC', 'CGP007', 10),
(189, 1, 'PG113', 'GDTC:BONGROCB.15', 4, '6-7', 'NHATC', 'CGP001', 10),
(190, 1, 'PG113', 'GDTC:BONGROCB.16', 4, '8-9', 'NHATC', 'CGP001', 10),
(191, 1, 'PG113', 'GDTC:BONGROCB.17', 5, '1-2', 'NHATC', 'CGP007', 10),
(192, 1, 'PG113', 'GDTC:BONGROCB.18', 5, '3-4', 'NHATC', 'CGP007', 10),
(193, 1, 'PG113', 'GDTC:BONGROCB.19', 5, '6-7', 'NHATC', 'CGP007', 10),
(194, 1, 'PG113', 'GDTC:BONGROCB.20', 5, '8-9', 'NHATC', 'CGP007', 10),
(195, 1, 'PG113', 'GDTC:BONGROCB.21', 6, '6-7', 'NHATC', 'CGP007', 10),
(196, 1, 'PG113', 'GDTC:BONGROCB.22', 6, '8-9', 'NHATC', 'CGP007', 10),
(197, 1, 'PG113', 'GDTC:BONGROCB.23', 7, '1-2', 'NHATC', 'CGP001', 10),
(198, 1, 'PG113', 'GDTC:BONGROCB.24', 7, '3-4', 'NHATC', 'CGP001', 10),
(199, 1, 'PG118', 'GDTC:THEDUCCB.11', 2, '1-2', 'NHATC', 'CGP009', 10),
(200, 1, 'PG118', 'GDTC:THEDUCCB.12', 2, '3-4', 'NHATC', 'CGP009', 10),
(201, 1, 'PG118', 'GDTC:THEDUCCB.13', 2, '6-7', 'NHATC', 'CGP008', 10),
(202, 1, 'PG118', 'GDTC:THEDUCCB.14', 2, '8-9', 'NHATC', 'CGP008', 10),
(203, 1, 'PG118', 'GDTC:THEDUCCB.15', 3, '6-7', 'NHATC', 'CGP010', 10),
(204, 1, 'PG118', 'GDTC:THEDUCCB.16', 3, '8-9', 'NHATC', 'CGP010', 10),
(205, 1, 'PG118', 'GDTC:THEDUCCB.17', 4, '6-7', 'NHATC', 'CGP008', 10),
(206, 1, 'PG118', 'GDTC:THEDUCCB.18', 4, '8-9', 'NHATC', 'CGP008', 10),
(207, 1, 'PG118', 'GDTC:THEDUCCB.19', 5, '1-2', 'NHATC', 'CGP002', 10),
(208, 1, 'PG118', 'GDTC:THEDUCCB.20', 5, '3-4', 'NHATC', 'CGP002', 10),
(209, 1, 'PG118', 'GDTC:THEDUCCB.21', 5, '6-7', 'NHATC', 'CGP008', 10),
(210, 1, 'PG118', 'GDTC:THEDUCCB.22', 5, '8-9', 'NHATC', 'CGP008', 10),
(211, 1, 'PG118', 'GDTC:THEDUCCB.23', 6, '1-2', 'NHATC', 'CGP008', 10),
(212, 1, 'PG118', 'GDTC:THEDUCCB.24', 6, '3-4', 'NHATC', 'CGP008', 10),
(213, 1, 'PG118', 'GDTC:THEDUCCB.25', 6, '6-7', 'NHATC', 'CGP009', 10),
(214, 1, 'PG118', 'GDTC:THEDUCCB.26', 6, '8-9', 'NHATC', 'CGP009', 10),
(215, 1, 'PG102', 'GDTC:COTRUYENCB.7', 2, '1-2', 'NHATC', 'CGP005', 10),
(216, 1, 'PG102', 'GDTC:COTRUYENCB.8', 2, '3-4', 'NHATC', 'CGP005', 10),
(217, 1, 'PG102', 'GDTC:COTRUYENCB.9', 2, '6-7', 'NHATC', 'CGP005', 10),
(218, 1, 'PG102', 'GDTC:COTRUYENCB.10', 2, '8-9', 'NHATC', 'CGP005', 10),
(219, 1, 'PG102', 'GDTC:COTRUYENCB.11', 3, '6-7', 'NHATC', 'CGP005', 10),
(220, 1, 'PG102', 'GDTC:COTRUYENCB.12', 3, '8-9', 'NHATC', 'CGP005', 10),
(221, 1, 'PG102', 'GDTC:COTRUYENCB.13', 5, '6-7', 'NHATC', 'CGP005', 10),
(222, 1, 'PG102', 'GDTC:COTRUYENCB.14', 5, '8-9', 'NHATC', 'CGP005', 10),
(223, 1, 'PG102', 'GDTC:COTRUYENCB.15', 6, '1-2', 'NHATC', 'CGP005', 10),
(224, 1, 'PG102', 'GDTC:COTRUYENCB.16', 6, '3-4', 'NHATC', 'CGP005', 10),
(225, 1, 'MA110', 'GIAITICH1.1_LT', 2, '1-3', 'B507', 'CTM008', 10),
(226, 1, 'MA110', 'GIAITICH1.3.1_BT', 2, '3-4', 'B603', 'CTM040', 10),
(227, 1, 'MA110', 'GIAITICH1.2.2_BT', 3, '6-7', 'B610', 'CTM040', 10),
(228, 1, 'MA110', 'GIAITICH1.2.1_BT', 3, '6-7', 'B605', 'CTM007', 10),
(229, 1, 'MA110', 'GIAITICH1.1.2_BT', 4, '1-2', 'B608', 'CTM013', 10),
(230, 1, 'MA110', 'GIAITICH1.1.1_BT', 4, '1-2', 'B605', 'CTM008', 10),
(231, 1, 'MA110', 'GIAITICH1.2_LT', 4, '6-8', 'B503', 'CTM024', 10),
(232, 1, 'MA110', 'GIAITICH1.3.1_BT', 5, '1-2', 'A609', 'CTM040', 10),
(233, 1, 'MA110', 'GIAITICH1.1.2_BT', 5, '1-2', 'B605', 'CTM013', 10),
(234, 1, 'MA110', 'GIAITICH1.1.1_BT', 6, '1-2', 'B605', 'CTM008', 10),
(235, 1, 'MA110', 'GIAITICH1.3_LT', 6, '3-5', 'A507', 'CTM024', 10),
(236, 1, 'MA110', 'GIAITICH1.2.1_BT', 6, '6-7', 'B610', 'CTM007', 10),
(237, 1, 'MA110', 'GIAITICH1.2.2_BT', 7, '6-7', 'B610', 'CTM040', 10),
(238, 1, 'MA111', 'GIAITICH2.1.2_BT', 3, '1-2', 'B712', 'CTM040', 10),
(239, 1, 'MA111', 'GIAITICH2.1.1_BT', 3, '4-5', 'B712', 'CTM024', 10),
(240, 1, 'MA111', 'GIAITICH2.2.2_BT', 3, '9-10', 'B208', 'CTM040', 10),
(241, 1, 'MA111', 'GIAITICH2.2.1_BT', 4, '8-9', 'B713', 'CTM008', 10),
(242, 1, 'MA111', 'GIAITICH2.1_LT', 5, '3-5', 'B503', 'CTM024', 10),
(243, 1, 'MA111', 'GIAITICH2.2_LT', 5, '8-10', 'B503', 'CTM010', 10),
(244, 1, 'MA111', 'GIAITICH2.2.1_BT', 6, '8-9', 'B604', 'CTM008', 10),
(245, 1, 'MA111', 'GIAITICH2.1.2_BT', 7, '4-5', 'B604', 'CTM040', 10),
(246, 1, 'MA111', 'GIAITICH2.1.1_BT', 7, '4-5', 'B408', 'CTM024', 10),
(247, 1, 'MA111', 'GIAITICH2.2.2_BT', 7, '9-10', 'B208', 'CTM040', 10),
(248, 1, 'PH233', 'GDUCTUVANSK.1_LT', 7, '8-10', 'A406', 'CSN003', 10),
(249, 1, 'PH233', 'GDUCTUVANSK.1.1_BT', 7, '8-10', 'B606', 'CSN003', 10),
(250, 1, 'PH233', 'GDUCTUVANSK.1.2_BT', 7, '8-10', 'B608', 'CSN021', 10),
(251, 1, 'AN252', 'GUITAR.1', 3, '8-9', 'B803', 'MAN013', 10),
(252, 1, 'PG148', 'GYMNANGCAO3.1', 3, '10-11', 'NHATC', 'CGP010', 10),
(253, 1, 'PG148', 'GYMNANGCAO3.2', 5, '10-11', 'NHATC', 'CGP010', 10),
(254, 1, 'IS317', 'HATANGCNTTIN.1_LT', 3, '1-2', 'B713', 'CTI010', 10),
(255, 1, 'IS317', 'HATANGCNTTIN.1.1_BT', 3, '3-5', 'B502', 'CTI010', 10),
(256, 1, 'MK305', 'HVITIEUDUNG.2', 2, '1-2', 'B403', 'CQM010', 10),
(257, 1, 'MK305', 'HVITIEUDUNG.2', 6, '3-5', 'B403', 'CQM010', 10),
(258, 1, 'AD213', 'HATNHAC.4', 2, '6-7', 'B711', 'MAN016', 1),
(259, 1, 'AD213', 'HATNHAC.5', 2, '6-7', 'B707', 'CAN015', 10),
(260, 1, 'AD213', 'HATNHAC.6', 3, '6-7', 'B707', 'CAN010', 10),
(261, 1, 'AD213', 'HATNHAC.4', 4, '3-5', 'B711', 'MAN016', 1),
(262, 1, 'AD213', 'HATNHAC.5', 4, '3-5', 'B707', 'CAN015', 10),
(263, 1, 'AD213', 'HATNHAC.6', 5, '3-5', 'B707', 'CAN010', 10),
(264, 1, 'IS322', 'QTRICSODULIEU.3', 2, '1-2', 'A705', 'CTI019', 10),
(265, 1, 'IS322', 'QTRICSODULIEU.1', 5, '1-2', 'A707', 'CTI019', 10),
(266, 1, 'IS322', 'QTRICSODULIEU.2', 5, '3-5', 'A707', 'CTI019', 10),
(267, 1, 'IS322', 'QTRICSODULIEU.2', 6, '1-2', 'A706', 'CTI019', 10),
(268, 1, 'IS322', 'QTRICSODULIEU.1', 6, '3-5', 'A706', 'CTI019', 10),
(269, 1, 'IS322', 'QTRICSODULIEU.3', 7, '3-5', 'A707', 'CTI019', 10),
(270, 1, 'TR322', 'DITICH&DANHTHANGVN.1', 5, '6-10', 'A503', 'MDL026', 10),
(271, 1, 'IS314', 'HETHONGTTIN.1', 3, '6-10', 'A708', 'MTI051', 10),
(272, 1, 'IS314', 'HETHONGTTIN.3', 7, '1-5', 'A703', 'MTI051', 10),
(273, 1, 'IS314', 'HETHONGTTIN.2', 7, '6-10', 'A706', 'MTI051', 10),
(274, 1, 'AN301A', 'HOATHANHA.3', 2, '10-11', 'B807', 'MAN005', 10),
(275, 1, 'AN301A', 'HOATHANHA.1', 2, '4-5', 'B807', 'MAN005', 10),
(276, 1, 'AN301A', 'HOATHANHA.2', 2, '7-8', 'B807', 'MAN005', 10),
(277, 1, 'AN301A', 'HOATHANHA.4', 4, '7-8', 'B807', 'MAN017', 10),
(278, 1, 'AI310', 'HOCSAU.1_LT', 2, '6-9', 'A708', 'MTI049', 10),
(279, 1, 'AI310', 'HOCSAU.1.1_BT', 4, '4-5', 'A703', 'MTI049', 10),
(280, 1, 'TG222', 'HUONGDANDL.1', 7, '6-10', 'B402', 'MDL031', 10),
(281, 1, 'IT332', 'INTERNET.1_LT', 7, '6-7', 'B713', 'MTI043', 10),
(282, 1, 'IT332', 'INTERNET.1.1_BT', 7, '8-10', 'B713', 'MTI043', 10),
(283, 1, 'AC210', 'KETOANDN.2', 2, '3-5', 'B304', 'CQA007', 10),
(284, 1, 'AC210', 'KETOANDN.1', 2, '6-7', 'B304', 'CQA007', 10),
(285, 1, 'AC210', 'KETOANDN.1', 3, '1-3', 'B310', 'CQA007', 10),
(286, 1, 'AC210', 'KETOANDN.2', 3, '4-5', 'B308', 'CQA007', 10),
(287, 1, 'AC322', 'KETOANNH.1', 3, '8-10', 'A405', 'CQA002', 10),
(288, 1, 'AC322', 'KETOANNH.1', 5, '1-2', 'B406', 'CQA002', 10),
(289, 1, 'IS326', 'KHAIPHADULIEU.1', 3, '6-10', 'A707', 'MTI044', 10),
(290, 1, 'IS326', 'KHAIPHADULIEU.2', 6, '6-10', 'A707', 'MTI049', 10),
(291, 1, 'MC499', 'DOANTN.1', 1, '1-2', 'BOMON', '', 10),
(292, 1, 'BA331', 'KHOISUKD.4', 2, '3-5', 'B403', 'CQM011', 10),
(293, 1, 'BA331', 'KHOISUKD.5', 2, '6-8', 'B407', 'CQM011', 10),
(294, 1, 'BA331', 'KHOISUKD.4', 4, '6-8', 'B403', 'CQM011', 10),
(295, 1, 'BA331', 'KHOISUKD.5', 7, '6-8', 'B403', 'CQM011', 10),
(296, 1, 'MC311', 'KICHBANTT.4.1_BT', 1, '11-12', 'BOMON', 'CXC006', 10),
(297, 1, 'MC311', 'KICHBANTT.1.1_BT', 1, '11-12', 'BOMON', 'CXC002', 10),
(298, 1, 'MC311', 'KICHBANTT.3.1_BT', 1, '11-12', 'BOMON', 'CXC006', 10),
(299, 1, 'MC311', 'KICHBANTT.2.1_BT', 1, '11-12', 'BOMON', 'CXC006', 10),
(300, 1, 'MC311', 'KICHBANTT.1_LT', 4, '2-5', 'B712', 'CXC002', 10),
(301, 1, 'MC311', 'KICHBANTT.2_LT', 4, '6-9', 'B712', 'CXC006', 10),
(302, 1, 'MC311', 'KICHBANTT.3_LT', 5, '2-5', 'B611', 'CXC006', 10),
(303, 1, 'MC311', 'KICHBANTT.4_LT', 5, '6-9', 'B611', 'CXC006', 10),
(304, 1, 'SE312', 'KIEMTHUDBCL.1', 7, '3-5', 'A705', 'CTI014', 10),
(305, 1, 'SE312', 'KIEMTHUDBCL.1', 7, '6-7', 'A705', 'CTI014', 10),
(306, 1, 'IS480', 'KIENTRUCDN.1', 3, '6-7', 'A706', 'CTI040', 10),
(307, 1, 'IS480', 'KIENTRUCDN.1', 5, '8-10', 'A706', 'CTI040', 10),
(308, 1, 'CS212', 'KTRUCMAYTINH.1', 3, '1-2', 'A703', 'CTI039', 10),
(309, 1, 'CS212', 'KTRUCMAYTINH.2', 3, '3-5', 'A703', 'CTI039', 10),
(310, 1, 'CS212', 'KTRUCMAYTINH.1', 3, '6-8', 'A703', 'CTI039', 10),
(311, 1, 'CS212', 'KTRUCMAYTINH.2', 3, '9-10', 'A703', 'CTI039', 10),
(312, 1, 'CS212', 'KTRUCMAYTINH.3', 4, '1-2', 'A708', 'CTI035', 10),
(313, 1, 'CS212', 'KTRUCMAYTINH.4', 4, '3-5', 'A708', 'CTI035', 10),
(314, 1, 'CS212', 'KTRUCMAYTINH.3', 4, '6-8', 'A708', 'CTI035', 10),
(315, 1, 'CS212', 'KTRUCMAYTINH.4', 4, '9-10', 'A708', 'CTI035', 10),
(316, 1, 'IE204', 'KTEASEAN.3', 3, '4-5', 'A607', 'CQE005', 10),
(317, 1, 'IE204', 'KTEASEAN.3', 5, '6-8', 'B613', 'CQE005', 10),
(318, 1, 'ML114', 'KTCMAC-LENIN.1 (LL)', 2, '1-12', 'Elearning', 'CGS004', 10),
(319, 1, 'EC101', 'KTEHOCDC.2', 1, '1-2', 'Elearning', 'CQE004', 10),
(320, 1, 'EC101', 'KTEHOCDC.3', 1, '1-2', 'Elearning', 'CQE021', 10),
(321, 1, 'EC101', 'KTEHOCDC.2', 2, '4-5', 'B510', 'CQE004', 10),
(322, 1, 'EC101', 'KTEHOCDC.3', 2, '9-10', 'B406', 'CQE021', 10),
(323, 1, 'EC101', 'KTEHOCDC.3', 3, '4-5', 'B610', 'CQE021', 10),
(324, 1, 'EC101', 'KTEHOCDC.2', 3, '6-7', 'B508', 'CQE004', 10),
(325, 1, 'IE201', 'KTEQTE1.2', 5, '1-3', 'B507', 'CQE008', 10),
(326, 1, 'IE201', 'KTEQTE1.2', 6, '6-7', 'B103', 'CQE008', 10),
(327, 1, 'EC204', 'MICRO.2', 2, '1-2', 'B103', 'CQE002', 10),
(328, 1, 'EC204', 'MICRO.2', 3, '8-9', 'B101', 'CQE002', 10),
(329, 1, 'EC204', 'MICRO.3', 3, '9-10', 'B403', 'CQE008', 10),
(330, 1, 'EC204', 'MICRO.2', 4, '1-2', 'B103', 'CQE002', 10),
(331, 1, 'EC204', 'MICRO.3', 5, '4-5', 'B301', 'CQE008', 10),
(332, 1, 'EC204', 'MICRO.3', 6, '4-5', 'B103', 'CQE008', 10),
(333, 1, 'EC205', 'MACRO.2', 2, '1-3', 'B105', 'CQE001', 10),
(334, 1, 'EC205', 'MACRO.3', 2, '4-5', 'B101', 'CQE001', 10),
(335, 1, 'EC205', 'MACRO.2', 3, '1-3', 'B503', 'CQE001', 10),
(336, 1, 'EC205', 'MACRO.3', 3, '4-5', 'B101', 'CQE001', 10),
(337, 1, 'EC205', 'MACRO.5', 4, '6-8', 'B407', 'CQE001', 10),
(338, 1, 'EC205', 'MACRO.4', 5, '1-3', 'B501', 'CQE005', 10),
(339, 1, 'EC205', 'MACRO.3', 5, '4-5', 'B507', 'CQE001', 10),
(340, 1, 'EC205', 'MACRO.5', 6, '1-3', 'B103', 'CQE001', 10),
(341, 1, 'EC205', 'MACRO.4', 6, '6-8', 'B403', 'CQE005', 10),
(342, 1, 'EC200', 'KTEVIMO&VIMO.2', 5, '1-3', 'B212', 'CQE002', 10),
(343, 1, 'EC200', 'KTEVIMO&VIMO.2', 7, '3-5', 'B206', 'CQE002', 10),
(344, 1, 'FN499', 'KLTNTAICHINH.1', 1, '1-5', 'BOMON', '', 10),
(345, 1, 'BK499', 'KLTNNGANHANG.1', 1, '3-5', 'BOMON', '', 10),
(346, 1, 'TR499', 'KLTNQTDULICH.2', 1, '1-4', 'BOMON', '', 10),
(347, 1, 'IT499', 'KLTN(NGANH CNTT).1', 1, '1-5', 'BOMON1', 'CTI019', 10),
(348, 1, 'SK499', 'KLTNCONGTACXAHOI.1', 1, '1-5', 'BOMON2', 'CXW035', 10),
(349, 1, 'IS499', 'KLTNNGANHHTTTQL.1', 1, '1-5', 'BOMON1', 'CTI040', 10),
(350, 1, 'CS499', 'KLTNKHOAHOCMAYTINH.1', 1, '1-5', 'BOMON1', 'MTI999', 10),
(351, 1, 'AI499', 'KLTN(TA).1', 1, '3-5', 'BOMON1', 'PAI001', 10),
(352, 1, 'TC499', 'KLTNTTHONG&MANGMT.1', 1, '6-7', 'BOMON1', 'CTI030', 10),
(353, 1, 'ES231', 'KNDOC(ANH)1.1', 2, '1-2', 'B601', 'CNE084', 10),
(354, 1, 'ES231', 'KNDOC(ANH)1.2', 2, '3-5', 'B705', 'CNE084', 10),
(355, 1, 'ES231', 'KNDOC(ANH)1.3', 2, '6-7', 'B502', 'CNE041', 10),
(356, 1, 'ES231', 'KNDOC(ANH)1.4', 2, '8-10', 'B611', 'CNE041', 10),
(357, 1, 'ES231', 'KNDOC(ANH)1.5', 3, '1-2', 'B512', 'CNE082', 10),
(358, 1, 'ES231', 'KNDOC(ANH)1.6', 3, '3-5', 'B713', 'CNE082', 10),
(359, 1, 'ES231', 'KNDOC(ANH)1.7', 3, '6-7', 'B613', 'CNE052', 10),
(360, 1, 'ES231', 'KNDOC(ANH)1.2', 4, '1-2', 'B611', 'CNE084', 10),
(361, 1, 'ES231', 'KNDOC(ANH)1.1', 4, '3-5', 'A507', 'CNE084', 10),
(362, 1, 'ES231', 'KNDOC(ANH)1.4', 4, '6-7', 'A609', 'CNE041', 10),
(363, 1, 'ES231', 'KNDOC(ANH)1.3', 4, '8-10', 'B606', 'CNE041', 10),
(364, 1, 'ES231', 'KNDOC(ANH)1.6', 5, '1-2', 'B601', 'CNE082', 10),
(365, 1, 'ES231', 'KNDOC(ANH)1.5', 5, '3-5', 'B713', 'CNE082', 10),
(366, 1, 'ES231', 'KNDOC(ANH)1.7', 5, '8-10', 'B605', 'CNE052', 10),
(367, 1, 'ES232', 'KNDOC(ANH)2.1', 5, '6-7', 'B607', 'CNE015', 10),
(368, 1, 'ES232', 'KNDOC(ANH)2.1', 7, '8-10', 'A603', 'CNE015', 10),
(369, 1, 'SC201', 'KYNANGTTRINH.3', 3, '3-5', 'A502', 'CQM009', 10),
(370, 1, 'SC201', 'KYNANGTTRINH.5', 4, '3-5', 'B501', 'PCC009', 10),
(371, 1, 'SC201', 'KYNANGTTRINH.4', 5, '8-10', 'B101', 'CQM009', 10),
(372, 1, 'SC201', 'KYNANGTTRINH.6', 6, '8-10', 'B205', 'PCC009', 10),
(373, 1, 'ES211', 'KNNGHE(ANH)1.1', 2, '1-2', 'B206', 'CNE074', 10),
(374, 1, 'ES211', 'KNNGHE(ANH)1.2', 2, '3-5', 'B605', 'CNE074', 10),
(375, 1, 'ES211', 'KNNGHE(ANH)1.4', 2, '8-10', 'B603', 'CNE028', 10),
(376, 1, 'ES211', 'KNNGHE(ANH)1.5', 3, '1-2', 'B208', 'CNE017', 10),
(377, 1, 'ES211', 'KNNGHE(ANH)1.6', 3, '3-5', 'B613', 'CNE017', 10),
(378, 1, 'ES211', 'KNNGHE(ANH)1.7', 3, '6-7', 'B504', 'CNE051', 10),
(379, 1, 'ES211', 'KNNGHE(ANH)1.8', 3, '8-10', 'B210', 'CNE051', 10),
(380, 1, 'ES211', 'KNNGHE(ANH)1.2', 4, '1-2', 'B601', 'CNE074', 10),
(381, 1, 'ES211', 'KNNGHE(ANH)1.1', 4, '3-5', 'B705', 'CNE074', 10),
(382, 1, 'ES211', 'KNNGHE(ANH)1.4', 4, '6-7', 'B602', 'CNE028', 10),
(383, 1, 'ES211', 'KNNGHE(ANH)1.6', 5, '1-2', 'B208', 'CNE017', 10),
(384, 1, 'ES211', 'KNNGHE(ANH)1.5', 5, '3-5', 'B605', 'CNE017', 10),
(385, 1, 'ES211', 'KNNGHE(ANH)1.8', 5, '6-7', 'B402', 'CNE051', 10),
(386, 1, 'ES211', 'KNNGHE(ANH)1.7', 5, '8-10', 'B412', 'CNE051', 10),
(387, 1, 'ES212', 'KNNGHE(ANH)2.1', 4, '1-2', 'B705', 'CNE012', 10),
(388, 1, 'ES212', 'KNNGHE(ANH)2.1', 7, '3-5', 'B410', 'CNE012', 10),
(389, 1, 'GK261', 'KNNNDV4(HAN).4', 2, '3-5', 'B607', 'CNK005', 10),
(390, 1, 'GK261', 'KNNNDV4(HAN).5', 2, '6-8', 'B605', 'CNK005', 10),
(391, 1, 'GK261', 'KNNNDV4(HAN).6', 2, '6-8', 'B607', 'CNK003', 10),
(392, 1, 'GK261', 'KNNNDV4(HAN).1', 3, '3-5', 'B605', 'MNK028', 10),
(393, 1, 'GK261', 'KNNNDV4(HAN).2', 3, '6-8', 'B601', 'MNK028', 10),
(394, 1, 'GK261', 'KNNNDV4(HAN).4', 3, '6-8', 'B603', 'CNK003', 10),
(395, 1, 'GK261', 'KNNNDV4(HAN).4', 4, '3-5', 'B710', 'MNK028', 10),
(396, 1, 'GK261', 'KNNNDV4(HAN).3', 4, '6-8', 'B705', 'MNK028', 10),
(397, 1, 'GK261', 'KNNNDV4(HAN).1', 4, '6-8', 'B613', 'CNK005', 10),
(398, 1, 'GK261', 'KNNNDV4(HAN).2', 4, '9-11', 'B306', 'CNK005', 10),
(399, 1, 'GK261', 'KNNNDV4(HAN).3', 5, '1-3', 'A509', 'CNK003', 10),
(400, 1, 'GK261', 'KNNNDV4(HAN).5', 5, '3-5', 'B613', 'MNK028', 10),
(401, 1, 'GK261', 'KNNNDV4(HAN).2', 5, '6-8', 'B510', 'CNK003', 10),
(402, 1, 'GK261', 'KNNNDV4(HAN).6', 5, '6-8', 'B601', 'MNK028', 10),
(403, 1, 'GK261', 'KNNNDV4(HAN).1', 6, '1-3', 'B312', 'CNK003', 10),
(404, 1, 'GK261', 'KNNNDV4(HAN).3', 6, '1-3', 'B711', 'CNK005', 10),
(405, 1, 'GK261', 'KNNNDV4(HAN).6', 6, '6-8', 'B605', 'CNK005', 10),
(406, 1, 'GK261', 'KNNNDV4(HAN).5', 6, '6-8', 'B210', 'CNK003', 10),
(407, 1, 'ES221', 'KNNOI(ANH)1.1', 2, '1-2', 'B412', 'CNE079', 10),
(408, 1, 'ES221', 'KNNOI(ANH)1.2', 2, '3-5', 'B611', 'CNE079', 10),
(409, 1, 'ES221', 'KNNOI(ANH)1.3', 2, '6-7', 'B510', 'CNE073', 10),
(410, 1, 'ES221', 'KNNOI(ANH)1.5', 3, '1-2', 'B402', 'CNE047', 10),
(411, 1, 'ES221', 'KNNOI(ANH)1.6', 3, '3-5', 'B705', 'CNE047', 10),
(412, 1, 'ES221', 'KNNOI(ANH)1.7', 3, '6-7', 'B604', 'CNE019', 10),
(413, 1, 'ES221', 'KNNOI(ANH)1.8', 3, '8-10', 'B604', 'CNE019', 10),
(414, 1, 'ES221', 'KNNOI(ANH)1.2', 4, '1-2', 'B607', 'CNE079', 10),
(415, 1, 'ES221', 'KNNOI(ANH)1.1', 4, '3-5', 'B713', 'CNE079', 10),
(416, 1, 'ES221', 'KNNOI(ANH)1.3', 4, '8-10', 'A401', 'CNE073', 10),
(417, 1, 'ES221', 'KNNOI(ANH)1.6', 5, '1-2', 'B210', 'CNE047', 10),
(418, 1, 'ES221', 'KNNOI(ANH)1.5', 5, '3-5', 'B705', 'CNE047', 10),
(419, 1, 'ES221', 'KNNOI(ANH)1.8', 5, '6-7', 'B506', 'CNE019', 10),
(420, 1, 'ES221', 'KNNOI(ANH)1.7', 5, '8-10', 'B602', 'CNE019', 10),
(421, 1, 'ES222', 'KNNOI(ANH)2.1', 4, '3-5', 'A409', 'CNE088', 10),
(422, 1, 'ES222', 'KNNOI(ANH)2.1', 7, '1-2', 'B202', 'CNE088', 10),
(423, 1, 'AD216', 'KYNANGSONG.5', 5, '1-5', 'A402', 'CXW022', 10),
(424, 1, 'AD216', 'KYNANGSONG.6', 5, '6-10', 'A402', 'CXW016', 10),
(425, 1, 'LN407', 'KNTVPLTRONGLD.1', 4, '1-3', 'A506', 'MXL013', 10),
(426, 1, 'LN407', 'KNTVPLTRONGLD.2', 4, '4-5', 'A506', 'MXL013', 10),
(427, 1, 'LN407', 'KNTVPLTRONGLD.1', 4, '6-7', 'A606', 'MXL013', 10),
(428, 1, 'LN407', 'KNTVPLTRONGLD.2', 4, '8-10', 'A606', 'MXL013', 10),
(429, 1, 'LN305', 'KNTVDATDAI.1', 7, '1-3', 'A606', 'MXL024', 10),
(430, 1, 'LN305', 'KNTVDATDAI.2', 7, '4-5', 'A606', 'MXL016', 10),
(431, 1, 'LN305', 'KNTVDATDAI.1', 7, '6-7', 'A605', 'MXL024', 10),
(432, 1, 'LN305', 'KNTVDATDAI.2', 7, '8-10', 'A506', 'MXL016', 10),
(433, 1, 'ES241', 'KNVIET(ANH)1.1', 2, '1-2', 'B603', 'CNE089', 10),
(434, 1, 'ES241', 'KNVIET(ANH)1.2', 2, '3-5', 'B710', 'CNE089', 10),
(435, 1, 'ES241', 'KNVIET(ANH)1.3', 2, '6-7', 'B611', 'CNE081', 10),
(436, 1, 'ES241', 'KNVIET(ANH)1.4', 2, '8-10', 'B612', 'CNE078', 10),
(437, 1, 'ES241', 'KNVIET(ANH)1.6', 3, '3-5', 'A503', 'CE', 10),
(438, 1, 'ES241', 'KNVIET(ANH)1.7', 3, '6-7', 'B705', 'CE', 10),
(439, 1, 'ES241', 'KNVIET(ANH)1.8', 3, '8-10', 'B607', 'CE', 10),
(440, 1, 'ES241', 'KNVIET(ANH)1.2', 4, '1-2', 'B613', 'CNE089', 10),
(441, 1, 'ES241', 'KNVIET(ANH)1.1', 4, '3-5', 'A605', 'CNE089', 10),
(442, 1, 'ES241', 'KNVIET(ANH)1.4', 4, '6-7', 'A405', 'CNE078', 10),
(443, 1, 'ES241', 'KNVIET(ANH)1.3', 4, '8-10', 'B710', 'CNE081', 10),
(444, 1, 'ES241', 'KNVIET(ANH)1.6', 5, '1-2', 'B602', 'CE', 10),
(445, 1, 'ES241', 'KNVIET(ANH)1.8', 5, '6-7', 'B603', 'CE', 10),
(446, 1, 'ES241', 'KNVIET(ANH)1.7', 5, '8-10', 'B607', 'CE', 10),
(447, 1, 'ES242', 'KNVIET(ANH)2.1', 5, '8-10', 'B610', 'CNE087', 10),
(448, 1, 'ES242', 'KNVIET(ANH)2.1', 7, '6-7', 'B204', 'CNE087', 10),
(449, 1, 'AN242A', 'KYTHUATVUDAO2A.1', 3, '4-5', 'B809', 'CAN008', 10),
(450, 1, 'AN242A', 'KYTHUATVUDAO2A.2', 3, '6-7', 'B809', 'CAN008', 10),
(451, 1, 'AN242A', 'KYTHUATVUDAO2A.3', 6, '4-5', 'B809', 'CAN008', 10),
(452, 1, 'AN413A', 'KTPHONGTHUA.1', 5, '8-9', 'B805', 'MAN007', 10),
(453, 1, 'AN413A', 'KTPHONGTHUA.2', 6, '4-5', 'B805', 'MAN007', 10),
(454, 1, 'AN413A', 'KTPHONGTHUA.3', 6, '6-7', 'B805', 'MAN007', 10),
(455, 1, 'AN413A', 'KTPHONGTHUA.4', 6, '8-9', 'B805', 'MAN007', 10),
(456, 1, 'AN232A', 'KYTHUATTHANHNHAC2A.10', 2, '1-4', 'B812', 'CAN016', 10),
(457, 1, 'AN232A', 'KYTHUATTHANHNHAC2A.8', 2, '1-5', 'B816', 'CAN013', 10),
(458, 1, 'AN232A', 'KYTHUATTHANHNHAC2A.7', 2, '2-3', 'B814', 'CAN010', 10),
(459, 1, 'AN232A', 'KYTHUATTHANHNHAC2A.11', 2, '6-9', 'B818', 'MAN024', 10),
(460, 1, 'AN232A', 'KYTHUATTHANHNHAC2A.9', 2, '9-10', 'B806', 'MAN019', 10),
(461, 1, 'AN232A', 'KYTHUATTHANHNHAC2A.2', 3, '1-3', 'B806', 'CAN015', 10),
(462, 1, 'AN232A', 'KYTHUATTHANHNHAC2A.4', 3, '2-5', 'B810', 'CAN002', 10),
(463, 1, 'AN232A', 'KYTHUATTHANHNHAC2A.6', 3, '3-3', 'B818', 'MAN015', 10),
(464, 1, 'AN232A', 'KYTHUATTHANHNHAC2A.1', 3, '6-10', 'B804', 'CAN001', 10),
(465, 1, 'AN232A', 'KYTHUATTHANHNHAC2A.3', 3, '6-10', 'B808', 'CAN005', 10),
(466, 1, 'AN232A', 'KYTHUATTHANHNHAC2A.5', 3, '6-9', 'B812', 'MAN006', 10),
(467, 1, 'AN232A', 'KYTHUATTHANHNHAC2A.1', 4, '2-2', 'B804', 'CAN001', 10),
(468, 1, 'AN232A', 'KYTHUATTHANHNHAC2A.7', 4, '2-3', 'B814', 'CAN010', 10),
(469, 1, 'AN232A', 'KYTHUATTHANHNHAC2A.8', 4, '6-10', 'B816', 'CAN013', 10),
(470, 1, 'AN232A', 'KYTHUATTHANHNHAC2A.10', 4, '7-10', 'B812', 'CAN016', 10),
(471, 1, 'AN232A', 'KYTHUATTHANHNHAC2A.11', 5, '1-4', 'B814', 'MAN024', 10),
(472, 1, 'AN232A', 'KYTHUATTHANHNHAC2A.2', 5, '1-3', 'B806', 'CAN015', 10),
(473, 1, 'AN232A', 'KYTHUATTHANHNHAC2A.1', 5, '1-5', 'B804', 'CAN001', 10),
(474, 1, 'AN232A', 'KYTHUATTHANHNHAC2A.5', 5, '6-9', 'B812', 'MAN006', 10),
(475, 1, 'AN232A', 'KYTHUATTHANHNHAC2A.9', 5, '9-10', 'B814', 'MAN019', 10),
(476, 1, 'AN232A', 'KYTHUATTHANHNHAC2A.4', 6, '2-5', 'B810', 'CAN002', 10),
(477, 1, 'AN232A', 'KYTHUATTHANHNHAC2A.1', 6, '2-2', 'B804', 'CAN001', 10),
(478, 1, 'AN232A', 'KYTHUATTHANHNHAC2A.6', 6, '3-3', 'B818', 'MAN015', 10),
(479, 1, 'AN232A', 'KYTHUATTHANHNHAC2A.3', 6, '6-10', 'B808', 'CAN005', 10),
(480, 1, 'AN333A', 'KTTHANHNHAC3A.3', 2, '1-5', 'B808', 'CAN005', 10),
(481, 1, 'AN333A', 'KTTHANHNHAC3A.5', 2, '6-10', 'B816', 'CAN013', 10),
(482, 1, 'AN333A', 'KTTHANHNHAC3A.4', 2, '6-8', 'B810', 'CAN002', 10),
(483, 1, 'AN333A', 'KTTHANHNHAC3A.1', 2, '6-10', 'B804', 'CAN001', 10),
(484, 1, 'AN333A', 'KTTHANHNHAC3A.6', 2, '9-10', 'B812', 'CAN016', 10),
(485, 1, 'AN333A', 'KTTHANHNHAC3A.2', 3, '6-10', 'B806', 'CAN015', 10),
(486, 1, 'AN333A', 'KTTHANHNHAC3A.6', 4, '1-2', 'B812', 'CAN016', 10),
(487, 1, 'AN333A', 'KTTHANHNHAC3A.5', 4, '1-5', 'B816', 'CAN013', 10),
(488, 1, 'AN333A', 'KTTHANHNHAC3A.4', 4, '3-5', '', 'CAN002', 10),
(489, 1, 'AN333A', 'KTTHANHNHAC3A.3', 4, '6-10', 'B808', 'CAN005', 10),
(490, 1, 'AN333A', 'KTTHANHNHAC3A.1', 4, '6-10', 'B804', 'CAN001', 10),
(491, 1, 'AN333A', 'KTTHANHNHAC3A.2', 5, '6-10', 'B806', 'CAN015', 10),
(492, 1, 'AN434A', 'KYTHUATTHANHNHAC4A.1', 2, '1-5', 'B804', 'CAN001', 10),
(493, 1, 'AN434A', 'KYTHUATTHANHNHAC4A.6', 2, '1-1', 'B814', 'CAN010', 10),
(494, 1, 'AN434A', 'KYTHUATTHANHNHAC4A.4', 2, '2-5', 'B810', 'CAN002', 10),
(495, 1, 'AN434A', 'KYTHUATTHANHNHAC4A.9', 2, '5-5', 'B812', 'CAN016', 10),
(496, 1, 'AN434A', 'KYTHUATTHANHNHAC4A.9', 2, '6-8', 'B812', 'CAN016', 10),
(497, 1, 'AN434A', 'KYTHUATTHANHNHAC4A.8', 2, '6-8', 'B806', 'MAN019', 10),
(498, 1, 'AN434A', 'KYTHUATTHANHNHAC4A.3', 2, '6-10', 'B808', 'CAN005', 10),
(499, 1, 'AN434A', 'KYTHUATTHANHNHAC4A.5', 3, '1-2', 'B818', 'MAN015', 10),
(500, 1, 'AN434A', 'KYTHUATTHANHNHAC4A.7', 3, '1-5', 'B816', 'CAN013', 10),
(501, 1, 'AN434A', 'KYTHUATTHANHNHAC4A.2', 3, '4-5', 'B806', 'CAN015', 10),
(502, 1, 'AN434A', 'KYTHUATTHANHNHAC4A.1', 4, '1-1', 'B804', 'CAN001', 10),
(503, 1, 'AN434A', 'KYTHUATTHANHNHAC4A.3', 4, '1-2', 'B808', 'CAN005', 10),
(504, 1, 'AN434A', 'KYTHUATTHANHNHAC4A.6', 4, '1-1', 'B814', 'CAN010', 10),
(505, 1, 'AN434A', 'KYTHUATTHANHNHAC4A.9', 4, '3-5', 'B812', 'CAN016', 10),
(506, 1, 'AN434A', 'KYTHUATTHANHNHAC4A.9', 4, '6-6', 'B812', 'CAN016', 10),
(507, 1, 'AN434A', 'KYTHUATTHANHNHAC4A.4', 5, '2-5', 'B810', 'CAN002', 10),
(508, 1, 'AN434A', 'KYTHUATTHANHNHAC4A.2', 5, '4-5', 'B806', 'CAN015', 10),
(509, 1, 'AN434A', 'KYTHUATTHANHNHAC4A.1', 5, '6-10', 'B804', 'CAN001', 10),
(510, 1, 'AN434A', 'KYTHUATTHANHNHAC4A.8', 5, '6-8', 'B814', 'MAN019', 10),
(511, 1, 'AN434A', 'KYTHUATTHANHNHAC4A.7', 5, '6-10', 'B816', 'CAN013', 10),
(512, 1, 'AN434A', 'KYTHUATTHANHNHAC4A.3', 5, '6-10', 'B808', 'CAN005', 10),
(513, 1, 'AN434A', 'KYTHUATTHANHNHAC4A.3', 6, '1-2', 'B808', 'CAN005', 10),
(514, 1, 'AN434A', 'KYTHUATTHANHNHAC4A.5', 6, '1-2', 'B818', 'MAN015', 10),
(515, 1, 'AN434A', 'KYTHUATTHANHNHAC4A.1', 6, '1-1', 'B804', 'CAN001', 10),
(516, 1, 'TC313', 'KTHUATTRUYENDAN.1', 3, '1-5', 'B708', 'MTI024', 10),
(517, 1, 'AN212A', 'KYXUONGAM2A.1', 5, '2-3', 'B803', 'CAN007', 10),
(518, 1, 'AN212A', 'KYXUONGAM2A.2', 5, '6-7', 'B803', 'CAN009', 10),
(519, 1, 'AN212A', 'KYXUONGAM2A.3', 6, '2-3', 'B803', 'CAN009', 10),
(520, 1, 'CS122', 'LAPTRINHHUONGDT.1_LT', 2, '3-5', 'A703', 'CTI035', 10),
(521, 1, 'CS122', 'LAPTRINHHUONGDT.4_LT', 4, '6-8', 'A706', 'PAI006', 10),
(522, 1, 'CS122', 'LAPTRINHHUONGDT.4.1_BT', 5, '6-9', 'A708', 'PAI006', 10),
(523, 1, 'CS122', 'LAPTRINHHUONGDT.1.1_BT', 6, '2-5', 'A707', 'CTI035', 10),
(524, 1, 'CS223', 'JAVACOBAN.1', 7, '1-5', 'A706', 'MTI036', 10),
(525, 1, 'TC418', 'LTRINHNHUNG.1_LT', 5, '6-7', 'B713', 'MTI037', 10),
(526, 1, 'TC418', 'LTRINHNHUNG.1.1_BT', 5, '8-10', 'B713', 'MTI037', 10),
(527, 1, 'IT320', 'LTPYTHON.1', 4, '1-3', 'A707', 'PAI005', 10),
(528, 1, 'IT320', 'LTPYTHON.1', 5, '9-10', 'A705', 'PAI005', 10),
(529, 1, 'CS314', 'LTUDDD.2_LT', 2, '1-2', 'A706', 'MTI052', 10),
(530, 1, 'CS314', 'LTUDDD.2.1_BT', 2, '3-5', 'A706', 'MTI052', 10),
(531, 1, 'CS314', 'LTUDDD.3_LT', 6, '1-2', 'A705', 'MTI052', 10),
(532, 1, 'CS314', 'LTUDDD.3.1_BT', 6, '3-5', 'A705', 'MTI052', 10),
(533, 1, 'CS314', 'LTUDDD.1_LT', 7, '1-2', 'A709', 'CTI038', 10),
(534, 1, 'CS314', 'LTUDDD.1.1_BT', 7, '3-5', 'A709', 'CTI038', 10),
(535, 1, 'ML204', 'LICHSUDANG.1 (LL)', 4, '1-12', 'Elearning', 'MGS028', 10),
(536, 1, 'MA100', 'LOGICSLTOAN.2_LT', 4, '4-5', 'B507', 'CTM003', 10),
(537, 1, 'MA100', 'LOGICSLTOAN.2.1_BT', 5, '3-5', 'B610', 'CTM016', 10),
(538, 1, 'MA100', 'LOGICSLTOAN.2.2_BT', 6, '3-5', 'B610', 'CTM016', 10),
(539, 1, 'MA101', 'LOGICDEM.2.1_BT', 2, '2-5', 'B610', 'CVT008', 10),
(540, 1, 'MA101', 'LOGICDEM.2_LT', 7, '1-3', 'B607', 'CTM040', 10),
(541, 1, 'NR415A', 'LTSKHOETAMTHAN.1', 7, '3-4', 'B103', 'CSN017', 10),
(542, 1, 'NR202A', 'LTDIEUDUONGCB2.1', 4, '6-7', 'A303', 'CSN001', 10),
(543, 1, 'NR219A', 'LTDDUONGNHI.1 (TC)', 4, '10-12', 'B208', 'CSN001', 10),
(544, 1, 'LK221', 'LUATDN.1', 6, '1-2', 'A506', 'CXL017', 10),
(545, 1, 'LK221', 'LUATDN.2', 6, '3-5', 'A506', 'CXL017', 10),
(546, 1, 'LK221', 'LUATDN.1', 6, '6-8', 'A506', 'CXL017', 10),
(547, 1, 'LK221', 'LUATDN.2', 6, '9-10', 'A506', 'CXL017', 10),
(548, 1, 'LK303', 'LUATKINHDOANHBDS.1', 7, '1-3', 'A406', 'MXL016', 10),
(549, 1, 'EC221', 'LUATKTE.4', 4, '6-8', 'B205', 'CXL010', 10),
(550, 1, 'EC221', 'LUATKTE.3', 5, '3-5', 'A506', 'CXL006', 10),
(551, 1, 'LK323a', 'LUATMTRUONGBS.1', 1, '4-5', 'BOMON', '', 10),
(552, 1, 'TM212', 'LUAT&DAODUCBC.1.1_BT', 1, '6-7', 'BOMON', 'CXC003', 10),
(553, 1, 'TM212', 'LUAT&DAODUCBC.2.1_BT', 1, '6-7', 'BOMON', 'CXC003', 10),
(554, 1, 'TM212', 'LUAT&DAODUCBC.1_LT', 3, '3-5', 'B710', 'CXC003', 10),
(555, 1, 'TM212', 'LUAT&DAODUCBC.2_LT', 3, '6-8', 'B710', 'CXC003', 10),
(556, 1, 'LK222', 'LUATTCVN.1', 4, '1-3', 'A606', 'MXL008', 10),
(557, 1, 'LK222', 'LUATTCVN.2', 4, '4-5', 'A606', 'MXL008', 10),
(558, 1, 'LK222', 'LUATTCVN.1', 5, '6-7', 'A506', 'MXL008', 10),
(559, 1, 'LK222', 'LUATTCVN.2', 5, '8-10', 'A506', 'MXL008', 10),
(560, 1, 'LD323a', 'LUATDSUVNBS.1', 1, '6-7', 'BOMON', '', 10),
(561, 1, 'LK302', 'LUATTMVN.1', 2, '1-3', 'A506', 'MXL025', 10),
(562, 1, 'LK302', 'LUATTMVN.2', 2, '4-5', 'A506', 'MXL025', 10),
(563, 1, 'LK302', 'LUATTMVN.1', 5, '6-7', 'A406', 'MXL025', 10),
(564, 1, 'LK302', 'LUATTMVN.2', 5, '8-10', 'A406', 'MXL025', 10),
(565, 1, 'LD213', 'LUATTOTUNGDS.1', 3, '6-8', 'A506', 'MXL023', 10),
(566, 1, 'LD213', 'LUATTOTUNGDS.2', 3, '9-11', 'A506', 'MXL023', 10),
(567, 1, 'LD213', 'LUATTOTUNGDS.1', 6, '6-8', 'A606', 'MXL023', 10),
(568, 1, 'LD213', 'LUATTOTUNGDS.2', 6, '9-11', 'A606', 'MXL023', 10),
(569, 1, 'NR416A', 'LTSKHOENCAOTUOI.1 (TC)', 5, '10-12', 'B408', 'CSN003', 10),
(570, 1, 'NR208A', 'LTDANHGIATC.1', 5, '6-7', 'B101', 'CSN017', 10),
(571, 1, 'NR321A', 'LTBENHNHI.2', 2, '6-7', 'BOMON', 'CSN001', 10),
(572, 1, 'NR321A', 'LTBENHNHI.1', 2, '8-10', 'B307', 'CSN031', 10),
(573, 1, 'NR321A', 'LTBENHNHI.1', 6, '6-7', 'A502', 'CSN031', 10),
(574, 1, 'NR321A', 'LTBENHNHI.2', 6, '8-10', 'A605', 'CSN001', 10),
(575, 1, 'NR451A', 'LTÐDCONGDONG.1', 7, '1-2', 'A506', 'CSN006', 10),
(576, 1, 'NR310A', 'LTHOISUCCAPCUU.1 (TC)', 2, '10-12', 'B202', 'CSN011', 10),
(577, 1, 'NR342A', 'LTPHUSAN.2', 2, '8-10', 'B105', 'CSN003', 10),
(578, 1, 'NR342A', 'LTPHUSAN.1', 4, '6-7', 'A506', 'CSN003', 10),
(579, 1, 'NR342A', 'LTPHUSAN.2', 6, '6-7', 'A406', 'CSN003', 10),
(580, 1, 'NR342A', 'LTPHUSAN.1', 6, '8-10', 'B303', 'CSN003', 10),
(581, 1, 'CF231', 'LTTHONGTINMAHOA.1', 7, '6-10', 'B710', 'CTI039', 10),
(582, 1, 'MK202', 'MARKETINGCB.2', 4, '1-2', 'A502', 'CQM010', 10),
(583, 1, 'MK202', 'MARKETINGCB.2', 7, '6-8', 'A606', 'CQM010', 10),
(584, 1, 'MK338', 'MARKETINGDL.1', 5, '1-2', 'A606', 'CDL004', 10),
(585, 1, 'MK338', 'MARKETINGDL.1', 5, '6-8', 'B301', 'CDL004', 10),
(586, 1, 'MK338', 'MARKETINGDL.2', 6, '3-5', 'B303', 'CDL004', 10),
(587, 1, 'MK338', 'MARKETINGDL.2', 6, '6-7', 'A602', 'CDL004', 10),
(588, 1, 'MK331', 'MARKETINGNH.1', 3, '8-10', 'B707', 'CQM009', 10),
(589, 1, 'CS425', 'VANDETRONGKHMT.1_LT', 2, '6-7', 'B710', 'CTI024', 10),
(590, 1, 'CS425', 'VANDETRONGKHMT.1.1_BT', 2, '8-10', 'B710', 'CTI024', 10),
(591, 1, 'AD214', 'NCAOGIONGHAT.2', 3, '6-7', 'B711', 'MAN016', 10),
(592, 1, 'AD214', 'NCAOGIONGHAT.2', 5, '3-5', 'B711', 'MAN016', 10),
(593, 1, 'BK312', 'NGANHANGPT.1', 2, '11-11', 'B104', 'CQB005', 10),
(594, 1, 'BK312', 'NGANHANGPT.1', 2, '6-7', 'B612', 'CQB005', 10),
(595, 1, 'BK312', 'NGANHANGPT.1', 5, '1-2', 'B512', 'CQB005', 10),
(596, 1, 'BK201', 'NGANHANGTM1.1', 2, '6-8', 'B713', 'CQB007', 10),
(597, 1, 'BK201', 'NGANHANGTM1.3', 2, '6-9', 'Acorebank', 'CQB006', 10),
(598, 1, 'BK201', 'NGANHANGTM1.1', 4, '2-5', 'Acorebank', 'CQB007', 10),
(599, 1, 'BK201', 'NGANHANGTM1.3', 4, '6-8', 'B611', 'CQB006', 10),
(600, 1, 'BK201', 'NGANHANGTM1.2', 5, '3-5', 'A607', 'CQB007', 10),
(601, 1, 'BK201', 'NGANHANGTM1.2', 7, '6-9', 'Acorebank', 'CQB007', 10),
(602, 1, 'BK302', 'NGANHANGTM2.1', 3, '2-5', 'Acorebank', 'CQB007', 10),
(603, 1, 'BK302', 'NGANHANGTM2.1', 7, '3-5', 'B601', 'CQB007', 10),
(604, 1, 'BK313', 'NGANHANGTW.1', 2, '3-5', 'A505', 'CQB007', 10),
(605, 1, 'BK313', 'NGANHANGTW.1', 3, '6-7', 'B210', 'CQB007', 10),
(606, 1, 'VL100', 'NGONNGUHOCDC.3', 5, '6-8', 'A602', 'CXV015', 10),
(607, 1, 'VL100', 'NGONNGUHOCDC.1', 6, '3-5', 'B307', 'CXV015', 10),
(608, 1, 'VL100', 'NGONNGUHOCDC.2', 6, '6-8', 'B308', 'CXV015', 10),
(609, 1, 'VC206', 'NGONNGUVIETNAM.1', 3, '3-5', 'A402', 'CXV015', 10),
(610, 1, 'VC206', 'NGONNGUVIETNAM.1', 3, '6-7', 'A402', 'CXV015', 10),
(611, 1, 'CS315', 'NLHEDIEUHANH.3', 2, '1-2', 'B711', 'MTI050', 10),
(612, 1, 'CS315', 'NLHEDIEUHANH.3', 2, '3-5', 'B712', 'MTI050', 10),
(613, 1, 'CS315', 'NLHEDIEUHANH.2', 6, '6-10', 'B708', 'MTI050', 10),
(614, 1, 'CS315', 'NLHEDIEUHANH.1', 7, '6-10', 'B704', 'MTI050', 10),
(615, 1, 'AC201', 'NLKETOAN.9', 2, '9-10', 'B607', 'CQA012', 10),
(616, 1, 'AC201', 'NLKETOAN.7', 3, '3-5', 'B601', 'CQA002', 10),
(617, 1, 'AC201', 'NLKETOAN.6', 3, '6-7', 'A605', 'CQA002', 10),
(618, 1, 'AC201', 'NLKETOAN.10', 3, '8-10', 'B502', 'CQA012', 10),
(619, 1, 'AC201', 'NLKETOAN.10', 4, '6-7', 'A401', 'CQA012', 10),
(620, 1, 'AC201', 'NLKETOAN.8', 4, '9-10', 'B204', 'CQA010', 10),
(621, 1, 'AC201', 'NLKETOAN.6', 5, '3-5', 'B601', 'CQA002', 10),
(622, 1, 'AC201', 'NLKETOAN.7', 5, '6-7', 'B210', 'CQA002', 10),
(623, 1, 'AC201', 'NLKETOAN.9', 5, '8-10', 'B312', 'CQA012', 10),
(624, 1, 'AC201', 'NLKETOAN.8', 7, '6-8', 'A407', 'CQA010', 10),
(625, 1, 'MK201', 'NLYMARKETING.1', 3, '3-5', 'B407', 'CQM016', 10),
(626, 1, 'MK201', 'NLYMARKETING.2', 5, '3-5', 'B407', 'CQM016', 10),
(627, 1, 'FA130', 'NLYTHIGIAC&MSAC.1.1_BT', 2, '11-12', 'B609', 'MXC008', 10),
(628, 1, 'FA130', 'NLYTHIGIAC&MSAC.1_LT', 3, '2-5', 'B609', 'MXC008', 10),
(629, 1, 'CS321', 'NMKHDULIEU.2_LT', 2, '4-5', 'A708', 'PAI007', 10),
(630, 1, 'CS321', 'NMKHDULIEU.2.1_BT', 2, '6-8', 'A706', 'PAI007', 10),
(631, 1, 'CS321', 'NMKHDULIEU.1_LT', 6, '6-7', 'A709', 'PAI007', 10),
(632, 1, 'CS321', 'NMKHDULIEU.1.1_BT', 6, '8-10', 'A709', 'PAI007', 10),
(633, 1, 'EC102', 'NMONKTEHOC.4', 4, '8-10', 'B105', 'CQE021', 10),
(634, 1, 'EC102', 'NMONKTEHOC.3', 7, '3-5', 'B407', 'CQE008', 10),
(635, 1, 'VC240', 'NMTPCHUHAN.2', 7, '3-5', 'B606', 'CXV003', 10),
(636, 1, 'VC240', 'NMTPCHUHAN.2', 7, '6-7', 'B606', 'CXV003', 10),
(637, 1, 'AI130', 'NHAPMONTTNHANTAO.1', 6, '6-10', 'A708', 'PAI001', 10),
(638, 1, 'AD314', 'NHAYHIENDAI.3', 2, '6-7', 'NHATC', 'CAN008', 10),
(639, 1, 'AD314', 'NHAYHIENDAI.4', 2, '8-9', 'NHATC', 'CAN008', 10),
(640, 1, 'AD314', 'NHAYHIENDAI.5', 3, '6-7', 'NHATC', 'CAN006', 10),
(641, 1, 'AD314', 'NHAYHIENDAI.6', 3, '8-9', 'NHATC', 'CAN006', 10),
(642, 1, 'AD314', 'NHAYHIENDAI.3', 4, '6-7', 'NHATC', 'CAN008', 10),
(643, 1, 'AD314', 'NHAYHIENDAI.4', 4, '8-9', 'NHATC', 'CAN008', 10),
(644, 1, 'AD314', 'NHAYHIENDAI.5', 5, '6-7', 'NHATC', 'CAN006', 10),
(645, 1, 'AD314', 'NHAYHIENDAI.6', 5, '8-9', 'NHATC', 'CAN006', 10),
(646, 1, 'AD314', 'NHAYHIENDAI.3', 6, '6-7', 'NHATC', 'CAN008', 10),
(647, 1, 'AD314', 'NHAYHIENDAI.4', 6, '8-9', 'NHATC', 'CAN008', 10),
(648, 1, 'AD314', 'NHAYHIENDAI.5', 7, '6-7', 'NHATC', 'CAN006', 10),
(649, 1, 'AD314', 'NHAYHIENDAI.6', 7, '8-9', 'NHATC', 'CAN006', 10),
(650, 1, 'AD240', 'NHIEPANHCB.3.1_BT', 1, '1-3', 'BOMON', 'PCC013', 10),
(651, 1, 'AD240', 'NHIEPANHCB.4.1_BT', 1, '1-3', 'BOMON', 'MXC009', 10),
(652, 1, 'AD240', 'NHIEPANHCB.3_LT', 5, '9-11', 'B613', 'PCC013', 10),
(653, 1, 'AD240', 'NHIEPANHCB.4_LT', 6, '9-11', 'B406', 'MXC009', 10),
(654, 1, 'FN418', 'PTTAICHINHDN.1', 3, '8-10', 'A607', 'CQB017', 10),
(655, 1, 'FN418', 'PTTAICHINHDN.2', 6, '8-10', 'A502', 'CQB017', 10),
(656, 1, 'IS332', 'TKEHDOITUONG.1', 2, '1-3', 'A707', 'CTI040', 10),
(657, 1, 'IS332', 'TKEHDOITUONG.2', 2, '4-5', 'A707', 'CTI040', 10),
(658, 1, 'IS332', 'TKEHDOITUONG.1', 2, '6-7', 'A707', 'CTI040', 10),
(659, 1, 'IS332', 'TKEHDOITUONG.2', 2, '8-10', 'A707', 'CTI040', 10),
(660, 1, 'IS332', 'TKEHDOITUONG.3', 3, '8-10', 'A706', 'CTI040', 10),
(661, 1, 'IS332', 'TKEHDOITUONG.3', 5, '6-7', 'A706', 'CTI040', 10),
(662, 1, 'BA222', 'PTLAPDUAN.2', 2, '3-5', 'B713', 'CQB015', 10),
(663, 1, 'BA222', 'PTLAPDUAN.2', 4, '6-7', 'A607', 'CQB015', 10),
(664, 1, 'BA222', 'PTLAPDUAN.1', 4, '8-10', 'A407', 'CQB017', 10),
(665, 1, 'BA222', 'PTLAPDUAN.1', 5, '6-7', 'B605', 'CQB017', 10),
(666, 1, 'CF211', 'PTTKTHUATTOAN.2_LT', 4, '1-2', 'A706', 'PAI007', 10),
(667, 1, 'CF211', 'PTTKTHUATTOAN.2.1_BT', 4, '3-5', 'A706', 'PAI007', 10),
(668, 1, 'CF211', 'PTTKTHUATTOAN.1_LT', 6, '1-2', 'A703', 'CTI041', 10),
(669, 1, 'CF211', 'PTTKTHUATTOAN.1.1_BT', 6, '3-5', 'A703', 'CTI041', 10),
(670, 1, 'TR231', 'PLUATKDDL.1', 4, '3-5', 'B301', 'MDL028', 10),
(671, 1, 'AN303', 'PHOIKHI.1', 5, '4-5', 'B805', 'MAN007', 10),
(672, 1, 'AN303', 'PHOIKHI.2', 5, '6-7', 'B805', 'MAN007', 10),
(673, 1, 'AN303', 'PHOIKHI.3', 6, '2-3', 'B805', 'MAN007', 10),
(674, 1, 'TM412', 'PHONGSUTH.1.1_BT', 1, '6-7', 'BOMON', 'MXC024', 10),
(675, 1, 'TM412', 'PHONGSUTH.1_LT', 7, '2-5', 'B512', 'MXC024', 10),
(676, 1, 'AD212', 'PPHAPHUNGBIEN.3', 5, '6-10', 'B103', 'CXC008', 10),
(677, 1, 'SM201', 'PPNCKHOAHOC.1', 3, '3-5', 'A602', 'CXV016', 10),
(678, 1, 'SM201', 'PPNCKHOAHOC.1', 3, '6-7', 'B303', 'CXV016', 10),
(679, 1, 'SM202', 'PPNCKHOAHOCKTE.8', 2, '3-5', 'B407', 'CQE019', 10),
(680, 1, 'SM202', 'PPNCKHOAHOCKTE.8', 4, '1-2', 'B105', 'CQE019', 10),
(681, 1, 'SM202', 'PPNCKHOAHOCKTE.6', 4, '4-5', 'B407', 'CQE004', 10),
(682, 1, 'SM202', 'PPNCKHOAHOCKTE.7', 4, '6-8', 'B203', 'CQE004', 10),
(683, 1, 'SM202', 'PPNCKHOAHOCKTE.9', 4, '6-10', 'B507', 'CQB005', 10),
(684, 1, 'SM202', 'PPNCKHOAHOCKTE.6', 5, '6-8', 'B403', 'CQE004', 10),
(685, 1, 'SM202', 'PPNCKHOAHOCKTE.7', 6, '6-7', 'B401', 'CQE004', 10),
(686, 1, 'SK201', 'PPNCUUCTXH.1', 3, '3-5', 'B606', 'CXW005', 10),
(687, 1, 'TM111', 'PPTTTHONGTINXH.1.1_BT', 1, '10-11', 'BOMON', 'CXC001', 10),
(688, 1, 'TM111', 'PPTTTHONGTINXH.2.1_BT', 1, '10-11', 'BOMON', 'CXC001', 10),
(689, 1, 'TM111', 'PPTTTHONGTINXH.3.1_BT', 1, '10-11', 'BOMON', 'CXC001', 10),
(690, 1, 'TM111', 'PPTTTHONGTINXH.1_LT', 5, '2-5', 'B712', 'CXC001', 10),
(691, 1, 'TM111', 'PPTTTHONGTINXH.2_LT', 6, '2-5', 'B611', 'CXC001', 10),
(692, 1, 'TM111', 'PPTTTHONGTINXH.3_LT', 6, '6-9', 'B611', 'CXC001', 10),
(693, 1, 'AN223A', 'PIANOUNGDUNG1A.1', 3, '2-3', 'B807', 'MAN003', 10),
(694, 1, 'AN223A', 'PIANOUNGDUNG1A.2', 4, '4-5', 'B807', 'MAN017', 10),
(695, 1, 'AN223A', 'PIANOUNGDUNG1A.3', 5, '4-5', 'B807', 'MAN003', 10),
(696, 1, 'AN223A', 'PIANOUNGDUNG1A.4', 5, '6-7', 'B807', 'MAN003', 10),
(697, 1, 'AN323A', 'PIANOUD2A.1', 4, '2-3', 'B807', 'MAN017', 10),
(698, 1, 'AN323A', 'PIANOUD2A.2', 6, '4-5', 'B807', 'CAN011', 10),
(699, 1, 'AN323A', 'PIANOUD2A.3', 6, '6-7', 'B807', 'CAN011', 10),
(700, 1, 'SE380', 'PROJECT.1', 5, '6-7', 'B508', 'MTI051', 10),
(701, 1, 'SE380', 'PROJECT.1', 5, '8-10', 'B707', 'MTI051', 10),
(702, 1, 'MD423', 'QHCC.1.1_BT', 1, '11-12', 'BOMON', 'MXC024', 10),
(703, 1, 'MK425', 'QHECONGCHUNG.2', 3, '1-2', 'B406', 'CQM009', 10),
(704, 1, 'MD423', 'QHCC.1_LT', 5, '2-5', 'B710', 'MXC024', 10),
(705, 1, 'MK425', 'QHECONGCHUNG.2', 6, '3-5', 'B306', 'CQM009', 10),
(706, 1, 'BA217', 'QLNHANLUCDL.1', 3, '4-5', 'A303', 'CDL007', 10),
(707, 1, 'BA217', 'QLNHANLUCDL.1', 3, '8-10', 'A303', 'CDL007', 10),
(708, 1, 'BA217', 'QLNHANLUCDL.2', 5, '6-7', 'B401', 'CDL007', 10),
(709, 1, 'BA217', 'QLNHANLUCDL.2', 7, '3-5', 'A602', 'CDL007', 10),
(710, 1, 'SC218', 'QLCHUOICUNGU.3', 2, '2-5', 'A602', 'CQL003', 10),
(711, 1, 'SC218', 'QLCHUOICUNGU.4', 3, '6-9', 'B507', 'CQL005', 10),
(712, 1, 'SC218', 'QLCHUOICUNGU.3', 4, '1-2', 'A602', 'CQL003', 10),
(713, 1, 'SC218', 'QLCHUOICUNGU.4', 5, '1-2', 'B103', 'CQL005', 10),
(714, 1, 'SC218', 'QLCHUOICUNGU.2', 5, '6-8', 'B303', 'CQL005', 10),
(715, 1, 'SC218', 'QLCHUOICUNGU.2', 7, '6-8', 'B611', 'CQL005', 10),
(716, 1, 'NR402', 'QLYDIEUDUONG.1 (TC)', 6, '10-12', 'A303', 'CSN062', 10),
(717, 1, 'BA324', 'QLDUAN.2', 2, '1-2', 'B205', 'CQB015', 10),
(718, 1, 'BA324', 'QLDUAN.1', 3, '6-7', 'B713', 'CQB017', 10),
(719, 1, 'BA324', 'QLDUAN.2', 4, '3-5', 'A602', 'CQB015', 10),
(720, 1, 'BA324', 'QLDUAN.1', 5, '8-10', 'B612', 'CQB017', 10),
(721, 1, 'IS334', 'QLYDANHTTT.1', 6, '6-8', 'A706', 'CTI019', 10),
(722, 1, 'IS334', 'QLYDANHTTT.2', 6, '9-10', 'A706', 'CTI019', 10),
(723, 1, 'IS334', 'QLYDANHTTT.2', 7, '6-8', 'A707', 'CTI019', 10),
(724, 1, 'IS334', 'QLYDANHTTT.1', 7, '9-10', 'A707', 'CTI019', 10),
(725, 1, 'SE422', 'QLDUANPHANMEM.1', 2, '3-5', 'A705', 'CTI019', 10),
(726, 1, 'SE422', 'QLDUANPHANMEM.1', 7, '1-2', 'A705', 'CTI019', 10),
(727, 1, 'TC433', 'QLDATT&MANG.1', 7, '3-5', 'B712', 'MTI037', 10),
(728, 1, 'TC433', 'QLDATT&MANG.1', 7, '6-7', 'B712', 'MTI037', 10),
(729, 1, 'LG219', 'QUANLYLOGISYICS.1', 2, '6-9', 'A607', 'CQL003', 10),
(730, 1, 'LG219', 'QUANLYLOGISYICS.3', 3, '3-5', 'B307', 'CQL005', 10),
(731, 1, 'LG219', 'QUANLYLOGISYICS.3', 5, '3-5', 'B403', 'CQL005', 10),
(732, 1, 'LG219', 'QUANLYLOGISYICS.1', 6, '1-2', 'B502', 'CQL003', 10),
(733, 1, 'LG219', 'QUANLYLOGISYICS.2', 6, '8-10', 'A607', 'CQL004', 10);
INSERT INTO `schedule` (`id`, `semester_id`, `subject_code`, `class_name`, `day`, `shift`, `classroom`, `teacher_code`, `num_student`) VALUES
(734, 1, 'LG219', 'QUANLYLOGISYICS.2', 7, '6-8', 'A607', 'CQL004', 10),
(735, 1, 'BA313', 'QTRICHIENLUOC.2', 6, '1-2', 'A406', 'CQM001', 10),
(736, 1, 'BA313', 'QTRICHIENLUOC.2', 6, '3-5', 'A602', 'CQM001', 10),
(737, 1, 'BA330', 'QTRICLKDDL.1', 2, '4-5', 'B105', 'CDL014', 10),
(738, 1, 'BA330', 'QTRICLKDDL.1', 2, '6-8', 'A602', 'CDL014', 10),
(739, 1, 'BA330', 'QTRICLKDDL.2', 6, '4-5', 'B201', 'CDL014', 10),
(740, 1, 'BA330', 'QTRICLKDDL.2', 6, '8-10', 'A602', 'CDL014', 10),
(741, 1, 'BA102', 'QUANTRIHOCDC.2', 4, '3-5', 'B203', 'CQM001', 10),
(742, 1, 'BA102', 'QUANTRIHOCDC.2', 5, '6-7', 'A502', 'CQM001', 10),
(743, 1, 'BA333', 'QTRIKDKS.1', 3, '1-3', 'B201', 'CDL007', 10),
(744, 1, 'BA333', 'QTRIKDKS.1', 3, '6-7', 'B407', 'CDL007', 10),
(745, 1, 'BA332', 'QTRIKDLUHANH.1', 4, '6-10', 'B303', 'MDL021', 10),
(746, 1, 'BA334', 'QTRIKDNHAHANG.1', 7, '1-3', 'B507', 'CDL016', 10),
(747, 1, 'BA334', 'QTRIKDNHAHANG.1', 7, '6-7', 'A406', 'CDL016', 10),
(748, 1, 'SK320', 'QTRICTXH.1', 4, '3-5', 'B610', 'CXW004', 10),
(749, 1, 'HR202', 'QTRINVUBAN.2_LT', 3, '1-11', 'ONLINE', 'CDL016', 10),
(750, 1, 'HR202', 'QTRINVUBAN.2.2_BT', 4, '6-10', 'BOMON1', 'CDL016', 10),
(751, 1, 'HR203', 'QTNVUBAR.2_LT', 4, '1-11', 'ONLINE', 'CDL011', 10),
(752, 1, 'HR203', 'QTNVUBAR.2.1_BT', 5, '6-10', 'BOMON1', 'CDL011', 10),
(753, 1, 'HR201', 'QTRINVBUONG.2_LT', 2, '1-11', 'ONLINE', 'MDL007', 10),
(754, 1, 'HR201', 'QTRINVBUONG.2.1_BT', 3, '1-5', 'BOMON1', 'MDL007', 10),
(755, 1, 'HR201', 'QTRINVBUONG.2.2_BT', 3, '6-10', 'BOMON1', 'MDL007', 10),
(756, 1, 'HR201', 'QTRINVBUONG.2.3_BT', 5, '6-10', 'BOMON1', 'MDL007', 10),
(757, 1, 'BA314', 'QTRINHANLUC.4', 2, '3-5', 'A607', 'CQM008', 10),
(758, 1, 'BA314', 'QTRINHANLUC.3', 2, '6-8', 'B608', 'CQM008', 10),
(759, 1, 'BA314', 'QTRINHANLUC.3', 5, '3-5', 'A507', 'CQM008', 10),
(760, 1, 'BA314', 'QTRINHANLUC.4', 5, '6-8', 'A607', 'CQM008', 10),
(761, 1, 'FN333', 'QUANTRIRUIROTC.1', 2, '9-11', 'B502', 'CQB017', 10),
(762, 1, 'FN333', 'QUANTRIRUIROTC.2', 3, '3-5', 'B711', 'CQB017', 10),
(763, 1, 'FN333', 'QUANTRIRUIROTC.2', 4, '11-12', 'B104', 'CQB017', 10),
(764, 1, 'FN333', 'QUANTRIRUIROTC.2', 5, '11-11', 'B104', 'CQB017', 10),
(765, 1, 'FN333', 'QUANTRIRUIROTC.1', 6, '3-5', 'B408', 'CQB017', 10),
(766, 1, 'BK405', 'QTRIRUIROTDNHTM.1', 4, '1-3', 'B306', 'CQB006', 10),
(767, 1, 'BK405', 'QTRIRUIROTDNHTM.1', 6, '6-7', 'A607', 'CQB006', 10),
(768, 1, 'HR310', 'QTRISUKIEN.1', 6, '4-5', 'B203', 'CDL007', 10),
(769, 1, 'HR310', 'QTRISUKIEN.1', 6, '8-10', 'B401', 'CDL007', 10),
(770, 1, 'BA211', 'QTRTACNGHIEP.3', 4, '6-7', 'B105', 'CQM004', 10),
(771, 1, 'BA211', 'QTRTACNGHIEP.2', 4, '8-10', 'B101', 'CQM004', 10),
(772, 1, 'BA211', 'QTRTACNGHIEP.2', 6, '6-7', 'B101', 'CQM004', 10),
(773, 1, 'BA211', 'QTRTACNGHIEP.3', 6, '8-10', 'B101', 'CQM004', 10),
(774, 1, 'FN212', 'QTTAICHINHDN1.2', 2, '1-2', 'A502', 'CQB001', 10),
(775, 1, 'FN212', 'QTTAICHINHDN1.2', 4, '3-5', 'A502', 'CQB001', 10),
(776, 1, 'FN313', 'QTTAICHINHDN2.1', 2, '3-5', 'A402', 'CQB010', 10),
(777, 1, 'FN313', 'QTTAICHINHDN2.1', 7, '6-8', 'B105', 'CQB010', 10),
(778, 1, 'FN214', 'QTRITCDULICH.1', 5, '1-2', 'A602', 'CQB001', 10),
(779, 1, 'FN214', 'QTRITCDULICH.2', 5, '3-5', 'B307', 'CQB001', 10),
(780, 1, 'FN214', 'QTRITCDULICH.2', 6, '1-2', 'A602', 'CQB001', 10),
(781, 1, 'FN214', 'QTRITCDULICH.1', 6, '3-5', 'B301', 'CQB001', 10),
(782, 1, 'MK313', 'QTRITHUONGHIEU.3', 6, '6-7', 'B503', 'CQM014', 10),
(783, 1, 'MK313', 'QTRITHUONGHIEU.3', 7, '8-10', 'B101', 'CQM014', 10),
(784, 1, 'HR320', 'QTRITIEC.1', 2, '4-5', 'B203', 'CDL016', 10),
(785, 1, 'HR320', 'QTRITIEC.1', 2, '8-10', 'B507', 'CDL016', 10),
(786, 1, 'HR200', 'QTRITIENSANH.2.3_BT', 2, '1-5', 'B305', 'CDL015', 10),
(787, 1, 'HR200', 'QTRITIENSANH.2.2_BT', 4, '1-5', 'B305', 'CDL015', 10),
(788, 1, 'HR200', 'QTRITIENSANH.2_LT', 4, '1-11', 'ONLINE', 'CDL015', 10),
(789, 1, 'HR200', 'QTRITIENSANH.2.1_BT', 6, '1-5', 'B305', 'CDL015', 10),
(790, 1, 'AN311A', 'SANGTACCAKHUC1A.1', 3, '6-7', 'B807', 'MAN003', 10),
(791, 1, 'AN311A', 'SANGTACCAKHUC1A.2', 5, '2-3', 'B807', 'MAN003', 10),
(792, 1, 'AN311A', 'SANGTACCAKHUC1A.3', 5, '8-9', 'B807', 'MAN003', 10),
(793, 1, 'AN412', 'SANGTACCAKHUC.1', 3, '4-5', 'B807', 'MAN003', 10),
(794, 1, 'AN412', 'SANGTACCAKHUC.2', 3, '8-9', 'B807', 'MAN003', 10),
(795, 1, 'MA104', 'SOCAUTRUCDS.2_LT', 2, '1-3', 'B503', 'CTM010', 10),
(796, 1, 'MA104', 'SOCAUTRUCDS.3.1_BT', 2, '1-2', 'B605', 'CTM011', 10),
(797, 1, 'MA104', 'SOCAUTRUCDS.1_LT', 2, '8-10', 'B606', 'CTM003', 10),
(798, 1, 'MA104', 'SOCAUTRUCDS.3_LT', 3, '1-3', 'B501', 'CTM008', 10),
(799, 1, 'MA104', 'SOCAUTRUCDS.1.1_BT', 3, '9-10', 'B408', 'CTM013', 10),
(800, 1, 'MA104', 'SOCAUTRUCDS.2.1_BT', 4, '1-2', 'B610', 'CTM010', 10),
(801, 1, 'MA104', 'SOCAUTRUCDS.1.1_BT', 4, '9-10', 'B506', 'CTM013', 10),
(802, 1, 'MA104', 'SOCAUTRUCDS.2.1_BT', 6, '1-2', 'B510', 'CTM010', 10),
(803, 1, 'MA104', 'SOCAUTRUCDS.3.1_BT', 6, '1-2', 'B604', 'CTM011', 10),
(804, 1, 'MA104', 'SOCAUTRUCDS.2.2_BT', 6, '4-5', 'B613', 'CTM010', 10),
(805, 1, 'MA104', 'SOCAUTRUCDS.3.2_BT', 6, '4-5', 'B713', 'CTM006', 10),
(806, 1, 'MA104', 'SOCAUTRUCDS.3.2_BT', 7, '1-2', 'B406', 'CTM006', 10),
(807, 1, 'MA104', 'SOCAUTRUCDS.2.2_BT', 7, '6-7', 'B404', 'CTM010', 10),
(808, 1, 'MC308', 'SUKIEN&TCSK.1.1_BT', 1, '11-12', 'BOMON', 'CXC006', 10),
(809, 1, 'MC308', 'SUKIEN&TCSK.1_LT', 6, '2-5', 'B512', 'CXC006', 10),
(810, 1, 'FN222', 'TAICHINHCONG.3', 3, '1-2', 'B202', 'CQB022', 10),
(811, 1, 'FN222', 'TAICHINHCONG.2', 3, '9-11', 'A507', 'CQB022', 10),
(812, 1, 'FN222', 'TAICHINHCONG.2', 4, '1-2', 'A607', 'CQB022', 10),
(813, 1, 'FN222', 'TAICHINHCONG.3', 7, '6-8', 'A505', 'CQB022', 10),
(814, 1, 'FN211', 'TAICHINHDN.5', 2, '3-5', 'A405', 'CQB001', 10),
(815, 1, 'FN211', 'TAICHINHDN.10', 2, '6-7', 'B503', 'CQB001', 10),
(816, 1, 'FN211', 'TAICHINHDN.11', 2, '6-7', 'B507', 'CQB010', 10),
(817, 1, 'FN211', 'TAICHINHDN.6', 3, '1-2', 'A502', 'CQB010', 10),
(818, 1, 'FN211', 'TAICHINHDN.7', 3, '1-2', 'A507', 'CQB001', 10),
(819, 1, 'FN211', 'TAICHINHDN.8', 3, '3-5', 'B303', 'CQB010', 10),
(820, 1, 'FN211', 'TAICHINHDN.10', 3, '6-8', 'A602', 'CQB001', 10),
(821, 1, 'FN211', 'TAICHINHDN.8', 4, '6-7', 'B401', 'CQB010', 10),
(822, 1, 'FN211', 'TAICHINHDN.4', 5, '6-8', 'B407', 'CQB001', 10),
(823, 1, 'FN211', 'TAICHINHDN.6', 5, '8-10', 'A502', 'CQB010', 10),
(824, 1, 'FN211', 'TAICHINHDN.9', 6, '1-2', 'A507', 'CQB010', 10),
(825, 1, 'FN211', 'TAICHINHDN.11', 6, '3-5', 'B507', 'CQB010', 10),
(826, 1, 'FN211', 'TAICHINHDN.5', 7, '1-2', 'A607', 'CQB001', 10),
(827, 1, 'FN211', 'TAICHINHDN.9', 7, '3-5', 'A607', 'CQB010', 10),
(828, 1, 'FN211', 'TAICHINHDN.4', 7, '6-7', 'A502', 'CQB001', 10),
(829, 1, 'FN211', 'TAICHINHDN.7', 7, '8-10', 'B604', 'CQB001', 10),
(830, 1, 'FN261', 'TAICHINHQT.1', 5, '9-10', 'A602', 'CQB002', 10),
(831, 1, 'FN261', 'TAICHINHQT.1', 7, '6-9', 'A602', 'CQB002', 10),
(832, 1, 'FN201', 'TAICHINHTTECB.3', 2, '1-2', 'B306', 'CQB005', 10),
(833, 1, 'FN201', 'TAICHINHTTECB.5', 2, '3-5', 'B310', 'CQB005', 10),
(834, 1, 'FN201', 'TAICHINHTTECB.5', 3, '1-2', 'B502', 'CQB005', 10),
(835, 1, 'FN201', 'TAICHINHTTECB.7', 3, '10-12', 'B410', 'CQB006', 10),
(836, 1, 'FN201', 'TAICHINHTTECB.3', 3, '3-5', 'B512', 'CQB005', 10),
(837, 1, 'FN201', 'TAICHINHTTECB.4', 4, '1-2', 'B310', 'CQB005', 10),
(838, 1, 'FN201', 'TAICHINHTTECB.6', 4, '3-5', 'B412', 'CQB005', 10),
(839, 1, 'FN201', 'TAICHINHTTECB.2', 4, '3-5', 'B613', 'CQB022', 10),
(840, 1, 'FN201', 'TAICHINHTTECB.8', 5, '1-2', 'B205', 'CQB006', 10),
(841, 1, 'FN201', 'TAICHINHTTECB.2', 5, '1-2', 'B202', 'CQB022', 10),
(842, 1, 'FN201', 'TAICHINHTTECB.6', 6, '1-2', 'A607', 'CQB005', 10),
(843, 1, 'FN201', 'TAICHINHTTECB.8', 6, '3-5', 'B105', 'CQB006', 10),
(844, 1, 'FN201', 'TAICHINHTTECB.7', 6, '9-10', 'B104', 'CQB006', 10),
(845, 1, 'FN201', 'TAICHINHTTECB.4', 7, '9-11', 'A401', 'CQB005', 10),
(846, 1, 'PS210', 'TAMLIDL.1', 2, '6-10', 'B201', 'CXW032', 10),
(847, 1, 'PS210', 'TAMLIDL.2', 4, '6-10', 'B201', 'CXW032', 10),
(848, 1, 'PS210', 'TAMLIDL.3', 6, '6-10', 'B201', 'CXW032', 10),
(849, 1, 'NR218B', 'THDDNGKHOA.1 (TC)', 7, '1-4', 'BENHVIEN', '', 10),
(850, 1, 'NR332D', 'THBENHNGOAIKHOA2.1', 5, '1-4', 'BENHVIEN', 'CSN020', 10),
(851, 1, 'NR332D', 'THBENHNGOAIKHOA2.3', 5, '1-4', 'BENHVIEN', 'CSN022', 10),
(852, 1, 'NR332D', 'THBENHNGOAIKHOA2.2', 5, '1-4', 'BENHVIEN', 'CSN006', 10),
(853, 1, 'NR332D', 'THBENHNGOAIKHOA2.2', 6, '1-4', 'BENHVIEN', 'CSN006', 10),
(854, 1, 'NR332D', 'THBENHNGOAIKHOA2.3', 6, '1-4', 'BENHVIEN', 'CSN022', 10),
(855, 1, 'NR332D', 'THBENHNGOAIKHOA2.1', 6, '1-4', 'BENHVIEN', 'CSN020', 10),
(856, 1, 'NR217B', 'THDDNKHOA.1 (TC)', 7, '6-9', 'BENHVIEN', '', 10),
(857, 1, 'NR212D', 'THBENHNOIKHOA2.2', 3, '1-4', 'BENHVIEN', 'CSN017', 10),
(858, 1, 'NR212D', 'THBENHNOIKHOA2.1', 3, '1-4', 'BENHVIEN', 'CSN012', 10),
(859, 1, 'NR212D', 'THBENHNOIKHOA2.3', 3, '1-4', 'BENHVIEN', 'CSN030', 10),
(860, 1, 'NR212D', 'THBENHNOIKHOA2.3', 4, '1-4', 'BENHVIEN', 'CSN030', 10),
(861, 1, 'NR212D', 'THBENHNOIKHOA2.2', 4, '1-4', 'BENHVIEN', 'CSN017', 10),
(862, 1, 'NR212D', 'THBENHNOIKHOA2.1', 4, '1-4', 'BENHVIEN', 'CSN012', 10),
(863, 1, 'NR314B', 'THTRUYENNHIEM.1', 4, '1-4', 'BENHVIEN', 'CSN021', 10),
(864, 1, 'NR314B', 'THTRUYENNHIEM.2', 5, '1-4', 'BENHVIEN', 'CSN021', 10),
(865, 1, 'NR310B', 'THHOISUCCAPCUU.2', 2, '1-4', 'BENHVIEN', 'CSN001', 10),
(866, 1, 'NR310B', 'THHOISUCCAPCUU.1', 3, '1-4', 'BENHVIEN', 'CSN001', 10),
(867, 1, 'NR303B', 'THPHUCHOICN.2', 4, '1-4', 'BENHVIEN', 'CSN020', 10),
(868, 1, 'NR303B', 'THPHUCHOICN.1', 5, '1-4', 'BENHVIEN', 'CSN020', 10),
(869, 1, 'AN235A', 'THANHNHACUNGDUNG2A.1', 3, '3-5', 'B803', 'MAN023', 10),
(870, 1, 'BK321', 'THANHTOANQT.1', 5, '6-8', 'A606', 'CQB002', 10),
(871, 1, 'BK321', 'THANHTOANQT.1', 7, '2-5', 'Acorebank', 'CQB002', 10),
(872, 1, 'PG120', 'TDCBNANGCAO.5', 3, '1-2', 'NHATC', 'CGP009', 10),
(873, 1, 'PG120', 'TDCBNANGCAO.6', 3, '3-4', 'NHATC', 'CGP009', 10),
(874, 1, 'PG120', 'TDCBNANGCAO.7', 4, '1-2', 'NHATC', 'CGP010', 10),
(875, 1, 'PG120', 'TDCBNANGCAO.8', 4, '3-4', 'NHATC', 'CGP010', 10),
(876, 1, 'PG120', 'TDCBNANGCAO.9', 4, '6-7', 'NHATC', 'CGP009', 10),
(877, 1, 'PG120', 'TDCBNANGCAO.10', 4, '8-9', 'NHATC', 'CGP009', 10),
(878, 1, 'AI321', 'THIGIACMT.1', 5, '6-10', 'A709', 'MTI047', 10),
(879, 1, 'FN331', 'THITRUONGCK.2', 2, '1-5', 'Afinance', 'CQB002', 10),
(880, 1, 'FN331', 'THITRUONGCK.1', 2, '6-7', 'B105', 'CQB002', 10),
(881, 1, 'FN331', 'THITRUONGCK.1', 3, '1-5', 'Afinance', 'CQB002', 10),
(882, 1, 'FN331', 'THITRUONGCK.2', 3, '6-7', 'B105', 'CQB002', 10),
(883, 1, 'FA421', 'TKDOHOATT.2.1_BT', 1, '8-9', 'BOMON', 'MXC002', 10),
(884, 1, 'FA421', 'TKDOHOATT.1.1_BT', 1, '8-9', 'BOMON', 'MXC002', 10),
(885, 1, 'FA421', 'TKDOHOATT.1_LT', 4, '2-5', 'B709', 'MXC002', 10),
(886, 1, 'FA421', 'TKDOHOATT.2_LT', 4, '6-9', 'B709', 'MXC002', 10),
(887, 1, 'MD211', 'THKEHOATHINH2D.1.1_BT', 1, '10-12', 'BOMON', 'MXC022', 10),
(888, 1, 'MD211', 'THKEHOATHINH2D.1_LT', 2, '9-11', 'B709', 'MXC022', 10),
(889, 1, 'AD242', 'THIETKEMT.2.1_BT', 1, '10-12', 'BOMON2', 'MXC022', 10),
(890, 1, 'AD242', 'THIETKEMT.2_LT', 2, '6-8', 'B709', 'MXC022', 10),
(891, 1, 'MD212', 'TKNDIENTH&QCAO.3.1_BT', 1, '3-4', 'BOMON', 'MXC008', 10),
(892, 1, 'MD212', 'TKNDIENTH&QCAO.4.1_BT', 1, '3-4', 'BOMON', 'MXC002', 10),
(893, 1, 'MD212', 'TKNDIENTH&QCAO.1.1_BT', 1, '3-4', 'BOMON', 'MXC002', 10),
(894, 1, 'MD212', 'TKNDIENTH&QCAO.2.1_BT', 1, '3-4', 'BOMON', 'MXC008', 10),
(895, 1, 'MD212', 'TKNDIENTH&QCAO.1_LT', 5, '2-5', 'B709', 'MXC002', 10),
(896, 1, 'MD212', 'TKNDIENTH&QCAO.2_LT', 5, '6-9', 'B709', 'MXC008', 10),
(897, 1, 'MD212', 'TKNDIENTH&QCAO.3_LT', 6, '2-5', 'B709', 'MXC008', 10),
(898, 1, 'MD212', 'TKNDIENTH&QCAO.4_LT', 6, '6-9', 'B709', 'MXC002', 10),
(899, 1, 'MA236', 'THONGKEDL.2.1_BT', 3, '1-2', 'A704', 'CTM039', 10),
(900, 1, 'MA236', 'THONGKEDL.2.2_BT', 3, '4-5', 'B704', 'CTM039', 10),
(901, 1, 'MA236', 'THONGKEDL.2.1_BT', 5, '1-2', 'B704', 'CTM039', 10),
(902, 1, 'MA236', 'THONGKEDL.2.2_BT', 5, '4-5', 'B704', 'CTM039', 10),
(903, 1, 'MA236', 'THONGKEDL.2_LT', 7, '1-3', 'B503', 'CTM024', 10),
(904, 1, 'AN251A', 'THBIEUDIEN1A.1', 3, '8-9', 'B810', 'CAN002', 10),
(905, 1, 'AN251A', 'THBIEUDIEN1A.2', 4, '9-10', 'B810', 'CAN002', 10),
(906, 1, 'AN251A', 'THBIEUDIEN1A.3', 5, '8-9', 'B810', 'CAN002', 10),
(907, 1, 'AN251A', 'THBIEUDIEN1A.4', 6, '6-7', 'B810', 'CAN002', 10),
(908, 1, 'AN352A', 'THBIEUDIEN2A.1', 4, '6-7', 'B810', 'CAN002', 10),
(909, 1, 'AN352A', 'THBIEUDIEN2A.2', 5, '6-7', 'B810', 'CAN002', 10),
(910, 1, 'AN352A', 'THBIEUDIEN2A.3', 6, '8-9', 'B810', 'CAN002', 10),
(911, 1, 'NR416B', 'THSKNCAOTUOI.1', 2, '1-4', 'BENHVIEN', 'CSN003', 10),
(912, 1, 'NR416B', 'THSKNCAOTUOI.2', 3, '1-4', 'BENHVIEN', 'CSN003', 10),
(913, 1, 'SK336', 'THCTXH3.1', 1, '6-10', 'BOMON1', 'CXW034', 10),
(914, 1, 'NR208B', 'THDANHGIATC.1', 4, '8-10', 'BOMON1', 'CSN012', 10),
(915, 1, 'NR208B', 'THDANHGIATC.2', 4, '8-10', 'BOMON1', 'CSN017', 10),
(916, 1, 'NR207B', 'THDIEUDUONGCB1.3', 2, '6-9', 'BOMON1', 'CSN003', 10),
(917, 1, 'NR207B', 'THDIEUDUONGCB1.2', 2, '6-9', 'BOMON1', 'CSN003', 10),
(918, 1, 'NR207B', 'THDIEUDUONGCB1.1', 2, '6-9', 'BOMON1', 'CSN003', 10),
(919, 1, 'NR207B', 'THDIEUDUONGCB1.1', 6, '6-9', 'BOMON1', 'CSN003', 10),
(920, 1, 'NR207B', 'THDIEUDUONGCB1.2', 6, '6-9', 'BOMON1', 'CSN003', 10),
(921, 1, 'NR207B', 'THDIEUDUONGCB1.3', 6, '6-9', 'BOMON1', 'CSN003', 10),
(922, 1, 'GZ211', 'THTIENGTRUNG4.3', 2, '6-9', 'B602', 'CNZ004', 10),
(923, 1, 'GZ211', 'THTIENGTRUNG4.4', 2, '6-9', 'B604', 'CNZ001', 10),
(924, 1, 'GZ211', 'THTIENGTRUNG4.1', 2, '6-9', 'A507', 'CNZ002', 10),
(925, 1, 'GZ211', 'THTIENGTRUNG4.2', 2, '6-9', 'B512', 'CNZ005', 10),
(926, 1, 'GZ211', 'THTIENGTRUNG4.4', 4, '6-9', 'B612', 'CNZ001', 10),
(927, 1, 'GZ211', 'THTIENGTRUNG4.1', 4, '6-9', 'B605', 'CNZ002', 10),
(928, 1, 'GZ211', 'THTIENGTRUNG4.3', 4, '6-9', 'B610', 'CNZ004', 10),
(929, 1, 'GZ211', 'THTIENGTRUNG4.2', 4, '6-9', 'B608', 'CNZ005', 10),
(930, 1, 'GZ211', 'THTIENGTRUNG4.2', 6, '6-9', 'B506', 'CNZ005', 10),
(931, 1, 'GZ211', 'THTIENGTRUNG4.3', 6, '6-9', 'B508', 'CNZ004', 10),
(932, 1, 'GZ211', 'THTIENGTRUNG4.1', 6, '6-9', 'B410', 'CNZ002', 10),
(933, 1, 'GZ211', 'THTIENGTRUNG4.4', 6, '6-9', 'B512', 'CNZ001', 10),
(934, 1, 'TR482', 'TTCNKHACHSANNH.1', 1, '6-9', 'BOMON', '', 10),
(935, 1, 'TR481', 'TTCNLUHANHHD.1', 1, '6-9', 'BOMON', '', 10),
(936, 1, 'IP404', 'TT(NGANH CNTT).1', 1, '6-10', 'BOMON1', 'CTI019', 10),
(937, 1, 'IP403', 'TTHTTHONGTINQLY.1', 1, '1-5', 'BOMON1', 'CTI040', 10),
(938, 1, 'IP401', 'TTKHMAYTINH.1', 1, '1-5', 'BOMON1', 'MTI999', 10),
(939, 1, 'IP405', 'TT(NGANH TA).1', 1, '3-5', 'BOMON1', 'PAI001', 10),
(940, 1, 'MD292', 'TTTHIETKE.1', 1, '1-5', 'BOMON', 'CXC001', 10),
(941, 1, 'MD292', 'TTTHIETKE.2', 1, '1-5', 'BOMON', 'CXC004', 10),
(942, 1, 'MD292', 'TTTHIETKE.3', 1, '1-5', 'BOMON', 'CXC006', 10),
(943, 1, 'MD292', 'TTTHIETKE.4', 1, '1-5', 'BOMON', 'CXC008', 10),
(944, 1, 'MD292', 'TTTHIETKE.3', 1, '6-10', 'BOMON', 'CXC006', 10),
(945, 1, 'MD292', 'TTTHIETKE.4', 1, '6-10', 'BOMON', 'CXC008', 10),
(946, 1, 'MD292', 'TTTHIETKE.1', 1, '6-10', 'BOMON', 'CXC001', 10),
(947, 1, 'MD292', 'TTTHIETKE.2', 1, '6-10', 'BOMON', 'CXC004', 10),
(948, 1, 'MC492', 'TTTN.1', 1, '1-5', 'BOMON', 'CXC001', 10),
(949, 1, 'MC492', 'TTTN.3', 1, '1-5', 'BOMON', 'CXC006', 10),
(950, 1, 'MC492', 'TTTN.4', 1, '1-5', 'BOMON', 'CXC008', 10),
(951, 1, 'LK480', 'TTTN(LUATKT).1', 1, '1-3', 'BOMON', '', 10),
(952, 1, 'MC492', 'TTTN.2', 1, '1-5', 'BOMON', 'CXC004', 10),
(953, 1, 'MC492', 'TTTN.2', 1, '6-10', 'BOMON', 'CXC004', 10),
(954, 1, 'MC492', 'TTTN.4', 1, '6-10', 'BOMON', 'CXC008', 10),
(955, 1, 'MC492', 'TTTN.3', 1, '6-10', 'BOMON', 'CXC006', 10),
(956, 1, 'MC492', 'TTTN.1', 1, '6-10', 'BOMON', 'CXC001', 10),
(957, 1, 'TR484', 'THUCTAPTN.1', 1, '6-9', 'BOMON', '', 10),
(958, 1, 'FN495', 'TTTN(NGANH TC_NH).1', 1, '13-14', 'BOMON', '', 10),
(959, 1, 'FN224', 'THUE.3', 3, '6-7', 'B103', 'CQB024', 10),
(960, 1, 'FN224', 'THUE.3', 7, '3-5', 'A502', 'CQB024', 10),
(961, 1, 'GE121', 'TANHSTC1.3', 2, '1-2', 'B512', 'CNE081', 10),
(962, 1, 'GE121', 'TANHSTC1.4', 3, '1-2', 'B607', 'CNE051', 10),
(963, 1, 'GE121', 'TANHSTC1.6', 3, '6-7', 'B712', 'CNE075', 10),
(964, 1, 'GE121', 'TANHSTC1.3', 4, '1-2', 'B713', 'CNE088', 10),
(965, 1, 'GE121', 'TANHSTC1.4', 5, '1-2', 'B608', 'CNE022', 10),
(966, 1, 'GE121', 'TANHSTC1.6', 5, '6-7', 'B610', 'CNE028', 10),
(967, 1, 'GE121', 'TANHSTC1.3', 6, '1-2', 'B607', 'CNE053', 10),
(968, 1, 'GE121', 'TANHSTC1.4', 7, '1-2', 'B601', 'CNE045', 10),
(969, 1, 'GE121', 'TANHSTC1.6', 7, '6-7', 'B206', 'CNE078', 10),
(970, 1, 'GE222', 'TANHSTC2.5', 2, '1-2', 'B607', 'CNE015', 10),
(971, 1, 'GE222', 'TANHSTC2.20', 2, '1-2', 'B713', 'CNE006', 10),
(972, 1, 'GE222', 'TANHSTC2.19', 2, '1-2', 'B710', 'CNE041', 10),
(973, 1, 'GE222', 'TANHSTC2.18', 2, '1-2', 'B705', 'CNE014', 10),
(974, 1, 'GE222', 'TANHSTC2.14', 2, '1-2', 'B613', 'CNE086', 10),
(975, 1, 'GE222', 'TANHSTC2.12', 2, '1-2', 'B611', 'CNE080', 10),
(976, 1, 'GE222', 'TANHSTC2.13', 2, '1-2', 'B612', 'CE', 10),
(977, 1, 'GE222', 'TANHSTC2.23', 2, '4-5', 'B312', 'CNE006', 10),
(978, 1, 'GE222', 'TANHSTC2.28', 2, '6-8', 'A609', 'CNE040', 10),
(979, 1, 'GE222', 'TANHSTC2.27', 2, '6-8', 'B312', 'CNE007', 10),
(980, 1, 'GE222', 'TANHSTC2.6', 2, '6-7', 'A401', 'CNE053', 10),
(981, 1, 'GE222', 'TANHSTC2.7', 2, '9-10', 'B206', 'CNE007', 10),
(982, 1, 'GE222', 'TANHSTC2.29', 2, '9-10', 'A401', 'CNE006', 10),
(983, 1, 'GE222', 'TANHSTC2.30', 2, '9-10', 'A405', 'CNE004', 10),
(984, 1, 'GE222', 'TANHSTC2.24', 2, '9-10', 'A503', 'CNE040', 10),
(985, 1, 'GE222', 'TANHSTC2.19', 3, '1-2', 'B611', 'CE', 10),
(986, 1, 'GE222', 'TANHSTC2.20', 3, '1-2', 'B612', 'CNE087', 10),
(987, 1, 'GE222', 'TANHSTC2.38', 3, '1-3', 'A601', 'CNE004', 10),
(988, 1, 'GE222', 'TANHSTC2.22', 3, '1-2', 'B603', 'MNE072', 10),
(989, 1, 'GE222', 'TANHSTC2.25', 3, '4-5', 'B410', 'MNE072', 10),
(990, 1, 'GE222', 'TANHSTC2.26', 3, '4-5', 'B206', 'CNE004', 10),
(991, 1, 'GE222', 'TANHSTC2.37', 3, '6-8', 'B304', 'CNE080', 10),
(992, 1, 'GE222', 'TANHSTC2.33', 3, '8-10', 'A505', 'CNE052', 10),
(993, 1, 'GE222', 'TANHSTC2.34', 3, '8-10', 'A509', 'CNE075', 10),
(994, 1, 'GE222', 'TANHSTC2.32', 3, '9-10', 'A409', 'CNE018', 10),
(995, 1, 'GE222', 'TANHSTC2.14', 4, '1-2', 'A507', 'CNE080', 10),
(996, 1, 'GE222', 'TANHSTC2.5', 4, '1-2', 'A501', 'MNE088', 10),
(997, 1, 'GE222', 'TANHSTC2.23', 4, '4-5', 'B304', 'MNE088', 10),
(998, 1, 'GE222', 'TANHSTC2.35', 4, '8-10', 'A403', 'MNE079', 10),
(999, 1, 'GE222', 'TANHSTC2.36', 4, '8-10', 'A505', 'CNE089', 10),
(1000, 1, 'GE222', 'TANHSTC2.24', 4, '9-10', 'B108', 'CNE068', 10),
(1001, 1, 'GE222', 'TANHSTC2.30', 4, '9-10', 'A601', 'CNE006', 10),
(1002, 1, 'GE222', 'TANHSTC2.29', 4, '9-10', 'A509', 'CNE074', 10),
(1003, 1, 'GE222', 'TANHSTC2.7', 4, '9-10', 'B510', 'CNE004', 10),
(1004, 1, 'GE222', 'TANHSTC2.22', 5, '1-2', 'B603', 'MNE084', 10),
(1005, 1, 'GE222', 'TANHSTC2.18', 5, '1-2', 'B713', 'CNE051', 10),
(1006, 1, 'GE222', 'TANHSTC2.17', 5, '1-2', 'B705', 'CNE055', 10),
(1007, 1, 'GE222', 'TANHSTC2.16', 5, '1-2', 'B613', 'MNE024', 10),
(1008, 1, 'GE222', 'TANHSTC2.15', 5, '1-2', 'B612', 'CNE052', 10),
(1009, 1, 'GE222', 'TANHSTC2.38', 5, '1-3', 'B412', 'MNE072', 10),
(1010, 1, 'GE222', 'TANHSTC2.26', 5, '4-5', 'B512', 'MNE024', 10),
(1011, 1, 'GE222', 'TANHSTC2.25', 5, '4-5', 'B502', 'MNE084', 10),
(1012, 1, 'GE222', 'TANHSTC2.9', 5, '6-7', 'B710', 'CNE006', 10),
(1013, 1, 'GE222', 'TANHSTC2.21', 5, '6-7', 'B612', 'CNE052', 10),
(1014, 1, 'GE222', 'TANHSTC2.6', 5, '6-7', 'A601', 'MNE079', 10),
(1015, 1, 'GE222', 'TANHSTC2.37', 5, '6-8', 'A407', 'MNE024', 10),
(1016, 1, 'GE222', 'TANHSTC2.34', 5, '8-10', 'B106', 'CNE018', 10),
(1017, 1, 'GE222', 'TANHSTC2.33', 5, '8-10', 'A501', 'CNE015', 10),
(1018, 1, 'GE222', 'TANHSTC2.10', 5, '9-10', 'B202', 'CNE006', 10),
(1019, 1, 'GE222', 'TANHSTC2.11', 5, '9-10', 'B601', 'MNE079', 10),
(1020, 1, 'GE222', 'TANHSTC2.32', 5, '9-10', 'A405', 'MNE024', 10),
(1021, 1, 'GE222', 'TANHSTC2.14', 6, '1-2', 'B613', 'CNE086', 10),
(1022, 1, 'GE222', 'TANHSTC2.18', 6, '1-2', 'B705', 'CNE045', 10),
(1023, 1, 'GE222', 'TANHSTC2.20', 6, '1-2', 'B713', 'CNE081', 10),
(1024, 1, 'GE222', 'TANHSTC2.19', 6, '1-2', 'B710', 'CNE079', 10),
(1025, 1, 'GE222', 'TANHSTC2.5', 6, '1-2', 'B612', 'MNE050', 10),
(1026, 1, 'GE222', 'TANHSTC2.23', 6, '4-5', 'A501', 'MNE050', 10),
(1027, 1, 'GE222', 'TANHSTC2.27', 6, '6-8', 'B412', 'CNE087', 10),
(1028, 1, 'GE222', 'TANHSTC2.28', 6, '6-8', 'A405', 'CNE084', 10),
(1029, 1, 'GE222', 'TANHSTC2.6', 6, '6-7', 'B608', 'CNE040', 10),
(1030, 1, 'GE222', 'TANHSTC2.21', 6, '6-7', 'B713', 'CNE078', 10),
(1031, 1, 'GE222', 'TANHSTC2.35', 6, '8-10', 'A501', 'CNE018', 10),
(1032, 1, 'GE222', 'TANHSTC2.36', 6, '8-10', 'A503', 'CNE006', 10),
(1033, 1, 'GE222', 'TANHSTC2.7', 6, '9-10', 'B206', 'CNE040', 10),
(1034, 1, 'GE222', 'TANHSTC2.24', 6, '9-10', 'A601', 'CNE078', 10),
(1035, 1, 'GE222', 'TANHSTC2.30', 6, '9-10', 'A507', 'CNE086', 10),
(1036, 1, 'GE222', 'TANHSTC2.29', 6, '9-10', 'A505', 'CNE068', 10),
(1037, 1, 'GE222', 'TANHSTC2.16', 7, '1-2', 'A609', 'CNE082', 10),
(1038, 1, 'GE222', 'TANHSTC2.17', 7, '1-2', 'B404', 'CNE086', 10),
(1039, 1, 'GE222', 'TANHSTC2.15', 7, '1-2', 'B712', 'CNE015', 10),
(1040, 1, 'GE222', 'TANHSTC2.12', 7, '1-2', 'B613', 'MNE084', 10),
(1041, 1, 'GE222', 'TANHSTC2.13', 7, '1-2', 'B705', 'CNE017', 10),
(1042, 1, 'GE222', 'TANHSTC2.22', 7, '1-2', 'B603', 'CNE028', 10),
(1043, 1, 'GE222', 'TANHSTC2.13', 7, '3-4', 'B605', 'MNE084', 10),
(1044, 1, 'GE222', 'TANHSTC2.12', 7, '3-4', 'B603', 'CNE086', 10),
(1045, 1, 'GE222', 'TANHSTC2.16', 7, '3-4', 'B613', 'CNE088', 10),
(1046, 1, 'GE222', 'TANHSTC2.15', 7, '3-4', 'B707', 'CNE082', 10),
(1047, 1, 'GE222', 'TANHSTC2.17', 7, '3-4', 'B705', 'CNE015', 10),
(1048, 1, 'GE222', 'TANHSTC2.26', 7, '4-5', 'B607', 'CNE022', 10),
(1049, 1, 'GE222', 'TANHSTC2.25', 7, '4-5', 'B506', 'CNE028', 10),
(1050, 1, 'GE222', 'TANHSTC2.11', 7, '6-7', 'B607', 'CNE081', 10),
(1051, 1, 'GE222', 'TANHSTC2.10', 7, '6-7', 'A503', 'CNE086', 10),
(1052, 1, 'GE222', 'TANHSTC2.9', 7, '6-7', 'B605', 'CNE015', 10),
(1053, 1, 'GE222', 'TANHSTC2.21', 7, '6-7', 'B210', 'CNE084', 10),
(1054, 1, 'GE222', 'TANHSTC2.9', 7, '8-9', 'B106', 'CNE084', 10),
(1055, 1, 'GE222', 'TANHSTC2.10', 7, '8-9', 'B110', 'CNE081', 10),
(1056, 1, 'GE222', 'TANHSTC2.11', 7, '8-9', 'B206', 'CNE086', 10),
(1057, 1, 'GE222', 'TANHSTC2.32', 7, '9-10', 'B512', 'CNE077', 10),
(1058, 1, 'GE205', 'ANHSTC3.3', 3, '1-2', 'B605', 'CNE055', 10),
(1059, 1, 'GE205', 'ANHSTC3.3', 5, '1-2', 'B607', 'CNE053', 10),
(1060, 1, 'GE205', 'ANHSTC3.3', 7, '1-2', 'B605', 'CNE089', 10),
(1061, 1, 'PE112', 'TANHDIEUDUONG2.1 (TC)', 3, '10-12', 'B506', 'CNE041', 10),
(1062, 1, 'PE112', 'TANHDIEUDUONG2.1 (TC)', 5, '10-12', 'B506', 'CNE014', 10),
(1063, 1, 'PE113', 'TIENGANHDD3.1 (TC)', 2, '10-12', 'B512', 'CNE051', 10),
(1064, 1, 'PE113', 'TIENGANHDD3.1 (TC)', 4, '10-12', 'B206', 'CNE078', 10),
(1065, 1, 'GE231', 'TANHTC1.52', 2, '1-2', 'B212', 'CNE045', 10),
(1066, 1, 'GE231', 'TANHTC1.53', 2, '4-5', 'B308', 'CNE045', 10),
(1067, 1, 'GE231', 'TANHTC1.41', 2, '6-8', 'B306', 'MNE079', 10),
(1068, 1, 'GE231', 'TANHTC1.42', 2, '9-10', 'B210', 'CNE073', 10),
(1069, 1, 'GE231', 'TANHTC1.45', 2, '9-10', 'B412', 'MNE079', 10),
(1070, 1, 'GE231', 'TANHTC1.49', 2, '9-10', 'B608', 'CNE001', 10),
(1071, 1, 'GE231', 'TANHTC1.50', 2, '9-10', 'B705', 'CNE075', 10),
(1072, 1, 'GE231', 'TANHTC1.55', 2, '9-10', 'A409', 'CNE081', 10),
(1073, 1, 'GE231', 'TANHTC1.56', 3, '1-2', 'A407', 'CNE018', 10),
(1074, 1, 'GE231', 'TANHTC1.58', 3, '6-7', 'A405', 'CNE022', 10),
(1075, 1, 'GE231', 'TANHTC1.43', 3, '6-7', 'A403', 'CNE053', 10),
(1076, 1, 'GE231', 'TANHTC1.47', 3, '8-10', 'B712', 'CNE004', 10),
(1077, 1, 'GE231', 'TANHTC1.59', 3, '9-10', 'A501', 'CNE022', 10),
(1078, 1, 'GE231', 'TANHTC1.60', 3, '9-10', 'A503', 'CNE082', 10),
(1079, 1, 'GE231', 'TANHTC1.46', 3, '9-10', 'B206', 'CNE045', 10),
(1080, 1, 'GE231', 'TANHTC1.50', 3, '9-10', 'B710', 'CNE055', 10),
(1081, 1, 'GE231', 'TANHTC1.49', 3, '9-10', 'B603', 'CNE047', 10),
(1082, 1, 'GE231', 'TANHTC1.44', 3, '9-10', 'B202', 'CNE053', 10),
(1083, 1, 'GE231', 'TANHTC1.52', 4, '1-2', 'B412', 'MNE050', 10),
(1084, 1, 'GE231', 'TANHTC1.53', 4, '4-5', 'B306', 'MNE050', 10),
(1085, 1, 'GE231', 'TANHTC1.55', 4, '9-10', 'A603', 'CNE088', 10),
(1086, 1, 'GE231', 'TANHTC1.45', 4, '9-10', 'B601', 'CNE017', 10),
(1087, 1, 'GE231', 'TANHTC1.42', 4, '9-10', 'B512', 'CNE007', 10),
(1088, 1, 'GE231', 'TANHTC1.56', 5, '1-2', 'A405', 'CNE041', 10),
(1089, 1, 'GE231', 'TANHTC1.58', 5, '6-7', 'B512', 'CNE055', 10),
(1090, 1, 'GE231', 'TANHTC1.43', 5, '6-7', 'B705', 'MNE072', 10),
(1091, 1, 'GE231', 'TANHTC1.46', 5, '9-10', 'A609', 'CNE022', 10),
(1092, 1, 'GE231', 'TANHTC1.44', 5, '9-10', 'A605', 'MNE072', 10),
(1093, 1, 'GE231', 'TANHTC1.59', 5, '9-10', 'B512', 'CNE055', 10),
(1094, 1, 'GE231', 'TANHTC1.60', 5, '9-10', 'A407', 'CNE075', 10),
(1095, 1, 'GE231', 'TANHTC1.52', 6, '1-2', 'A409', 'CNE087', 10),
(1096, 1, 'GE231', 'TANHTC1.53', 6, '4-5', 'B206', 'CNE087', 10),
(1097, 1, 'GE231', 'TANHTC1.41', 6, '6-8', 'B613', 'MNE088', 10),
(1098, 1, 'GE231', 'TANHTC1.48', 6, '8-10', 'B607', 'CNE075', 10),
(1099, 1, 'GE231', 'TANHTC1.51', 6, '8-10', 'B712', 'CNE022', 10),
(1100, 1, 'GE231', 'TANHTC1.47', 6, '8-10', 'B602', 'CNE077', 10),
(1101, 1, 'GE231', 'TANHTC1.49', 6, '9-10', 'B613', 'CNE084', 10),
(1102, 1, 'GE231', 'TANHTC1.50', 6, '9-10', 'B713', 'CNE007', 10),
(1103, 1, 'GE231', 'TANHTC1.42', 6, '9-10', 'B208', 'MNE088', 10),
(1104, 1, 'GE231', 'TANHTC1.45', 6, '9-10', 'B210', 'CNE087', 10),
(1105, 1, 'GE231', 'TANHTC1.55', 6, '9-10', 'A509', 'CNE055', 10),
(1106, 1, 'GE231', 'TANHTC1.56', 7, '1-2', 'A505', 'CNE084', 10),
(1107, 1, 'GE231', 'TANHTC1.58', 7, '6-7', 'B613', 'CNE051', 10),
(1108, 1, 'GE231', 'TANHTC1.43', 7, '6-7', 'B604', 'CNE022', 10),
(1109, 1, 'GE231', 'TANHTC1.48', 7, '8-10', 'A605', 'CNE022', 10),
(1110, 1, 'GE231', 'TANHTC1.51', 7, '8-10', 'B602', 'CNE045', 10),
(1111, 1, 'GE231', 'TANHTC1.46', 7, '9-10', 'A601', 'CNE041', 10),
(1112, 1, 'GE231', 'TANHTC1.44', 7, '9-10', 'A509', 'CNE018', 10),
(1113, 1, 'GE231', 'TANHTC1.59', 7, '9-10', 'B601', 'CNE051', 10),
(1114, 1, 'GE231', 'TANHTC1.60', 7, '9-10', 'B603', 'CNE055', 10),
(1115, 1, 'GE232', 'ANHTC2.42', 2, '1-2', 'A509', 'CNE068', 10),
(1116, 1, 'GE232', 'ANHTC2.41', 2, '1-2', 'B304', 'CNE007', 10),
(1117, 1, 'GE232', 'ANHTC2.31', 2, '1-2', 'B712', 'CNE028', 10),
(1118, 1, 'GE232', 'ANHTC2.43', 2, '4-5', 'B408', 'CNE068', 10),
(1119, 1, 'GE232', 'ANHTC2.32', 2, '9-10', 'B601', 'CNE053', 10),
(1120, 1, 'GE232', 'ANHTC2.33', 2, '9-10', 'B605', 'CNE068', 10),
(1121, 1, 'GE232', 'ANHTC2.39', 2, '9-10', 'B712', 'CNE012', 10),
(1122, 1, 'GE232', 'ANHTC2.38', 3, '1-2', 'B705', 'CNE075', 10),
(1123, 1, 'GE232', 'ANHTC2.31', 3, '1-2', 'B613', 'CNE014', 10),
(1124, 1, 'GE232', 'ANHTC2.44', 3, '1-2', 'B108', 'CNE068', 10),
(1125, 1, 'GE232', 'ANHTC2.45', 3, '1-2', 'B601', 'CNE088', 10),
(1126, 1, 'GE232', 'ANHTC2.34', 3, '9-10', 'B601', 'CNE086', 10),
(1127, 1, 'GE232', 'ANHTC2.35', 3, '9-10', 'B602', 'CNE080', 10),
(1128, 1, 'GE232', 'ANHTC2.41', 4, '1-2', 'B206', 'CNE004', 10),
(1129, 1, 'GE232', 'ANHTC2.42', 4, '1-2', 'B506', 'CE', 10),
(1130, 1, 'GE232', 'ANHTC2.33', 4, '9-10', 'B607', 'CNE015', 10),
(1131, 1, 'GE232', 'ANHTC2.36', 4, '9-10', 'B611', 'CNE018', 10),
(1132, 1, 'GE232', 'ANHTC2.32', 4, '9-10', 'B603', 'CNE079', 10),
(1133, 1, 'GE232', 'ANHTC2.39', 4, '9-10', 'B613', 'CNE047', 10),
(1134, 1, 'GE232', 'ANHTC2.45', 5, '1-2', 'A505', 'CNE080', 10),
(1135, 1, 'GE232', 'ANHTC2.44', 5, '1-2', 'A407', 'CNE077', 10),
(1136, 1, 'GE232', 'ANHTC2.34', 5, '9-10', 'B712', 'CNE077', 10),
(1137, 1, 'GE232', 'ANHTC2.31', 6, '1-2', 'B712', 'CNE089', 10),
(1138, 1, 'GE232', 'ANHTC2.42', 6, '1-2', 'B206', 'CNE077', 10),
(1139, 1, 'GE232', 'ANHTC2.41', 6, '1-2', 'B104', 'CNE014', 10),
(1140, 1, 'GE232', 'ANHTC2.43', 6, '4-5', 'B208', 'CNE077', 10),
(1141, 1, 'GE232', 'ANHTC2.32', 6, '9-10', 'B412', 'CNE088', 10),
(1142, 1, 'GE232', 'ANHTC2.33', 6, '9-10', 'B605', 'CNE053', 10),
(1143, 1, 'GE232', 'ANHTC2.39', 6, '9-10', 'B610', 'CNE012', 10),
(1144, 1, 'GE232', 'ANHTC2.38', 7, '1-2', 'B710', 'CNE014', 10),
(1145, 1, 'GE232', 'ANHTC2.44', 7, '1-2', 'B402', 'CNE012', 10),
(1146, 1, 'GE232', 'ANHTC2.45', 7, '1-2', 'B707', 'CNE078', 10),
(1147, 1, 'GE232', 'ANHTC2.38', 7, '3-4', 'B710', 'CNE078', 10),
(1148, 1, 'GE232', 'ANHTC2.43', 7, '4-5', 'A601', 'CNE073', 10),
(1149, 1, 'GE232', 'ANHTC2.36', 7, '6-7', 'B608', 'CNE073', 10),
(1150, 1, 'GE232', 'ANHTC2.35', 7, '6-7', 'B705', 'CNE088', 10),
(1151, 1, 'GE232', 'ANHTC2.36', 7, '8-9', 'B508', 'CNE087', 10),
(1152, 1, 'GE232', 'ANHTC2.35', 7, '8-9', 'B506', 'CNE014', 10),
(1153, 1, 'GE232', 'ANHTC2.34', 7, '9-10', 'B202', 'CNE088', 10),
(1154, 1, 'GE333', 'ANHTC3.21', 2, '6-8', 'B705', 'CNE001', 10),
(1155, 1, 'GE333', 'ANHTC3.22', 2, '6-8', 'B712', 'CNE012', 10),
(1156, 1, 'GE333', 'ANHTC3.29', 5, '6-8', 'B712', 'CNE080', 10),
(1157, 1, 'GE333', 'ANHTC3.30', 6, '6-8', 'B612', 'CNE086', 10),
(1158, 1, 'GE333', 'ANHTC3.23', 7, '1-3', 'B608', 'CNE019', 10),
(1159, 1, 'GE333', 'ANHTC3.25', 7, '1-3', 'B611', 'CNE018', 10),
(1160, 1, 'GE333', 'ANHTC3.26', 7, '6-8', 'B412', 'CNE082', 10),
(1161, 1, 'GE333', 'ANHTC3.27', 7, '6-8', 'B601', 'CNE028', 10),
(1162, 1, 'GE333', 'ANHTC3.28', 7, '6-8', 'B603', 'CNE007', 10),
(1163, 1, 'GD103', 'TIENGDUCA12.1', 3, '3-5', 'B412', 'CSN003', 10),
(1164, 1, 'GD103', 'TIENGDUCA12.1', 5, '3-5', 'BOMON', 'CSN003', 10),
(1165, 1, 'GD205', 'TIENGDUCA2.3.1', 3, '8-10', 'B108', 'CSN030', 10),
(1166, 1, 'GD205', 'TIENGDUCA2.3.1', 5, '8-10', 'B304', 'CSN030', 10),
(1167, 1, 'GD301', 'TIENGDUCB1.1.1', 3, '6-8', 'B310', '', 10),
(1168, 1, 'GD301', 'TIENGDUCB1.1.1', 5, '6-8', 'B711', '', 10),
(1169, 1, 'GK101', 'TIENGHAN1.3', 2, '3-4', 'B613', 'CNK022', 10),
(1170, 1, 'GK101', 'TIENGHAN1.4', 3, '1-2', 'B710', 'CNK027', 10),
(1171, 1, 'GK101', 'TIENGHAN1.3', 4, '3-4', 'B212', 'CNK012', 10),
(1172, 1, 'GK101', 'TIENGHAN1.4', 5, '1-2', 'B506', 'CNK027', 10),
(1173, 1, 'GK101', 'TIENGHAN1.4', 6, '1-2', 'B601', 'CNK027', 10),
(1174, 1, 'GK101', 'TIENGHAN1.3', 6, '3-4', 'B705', 'CNK012', 10),
(1175, 1, 'GK102', 'TIENGHAN2.3', 2, '1-2', 'B604', 'CNK016', 10),
(1176, 1, 'GK102', 'TIENGHAN2.4', 3, '3-4', 'B212', 'CNK027', 10),
(1177, 1, 'GK102', 'TIENGHAN2.3', 4, '1-2', 'B612', 'CNK016', 10),
(1178, 1, 'GK102', 'TIENGHAN2.4', 5, '3-4', 'B607', 'CNK027', 10),
(1179, 1, 'GK102', 'TIENGHAN2.3', 6, '1-2', 'B603', 'CNK016', 10),
(1180, 1, 'GK102', 'TIENGHAN2.4', 6, '3-4', 'B710', 'CNK027', 10),
(1181, 1, 'GK242', 'HANTC2.3', 2, '1-3', 'B308', 'CNK013', 10),
(1182, 1, 'GK242', 'HANTC2.6', 2, '3-5', 'B601', 'MNK006', 10),
(1183, 1, 'GK242', 'HANTC2.2', 2, '3-5', 'B412', 'CNK016', 10),
(1184, 1, 'GK242', 'HANTC2.1', 2, '6-8', 'B601', 'CNK013', 10),
(1185, 1, 'GK242', 'HANTC2.4', 3, '1-3', 'B312', 'CNK013', 10),
(1186, 1, 'GK242', 'HANTC2.3', 3, '3-5', 'B603', 'MNK006', 10),
(1187, 1, 'GK242', 'HANTC2.5', 3, '6-8', 'B412', 'CNK013', 10),
(1188, 1, 'GK242', 'HANTC2.6', 3, '8-10', 'B306', 'CNK016', 10),
(1189, 1, 'GK242', 'HANTC2.6', 4, '3-5', 'B602', 'CNK013', 10),
(1190, 1, 'GK242', 'HANTC2.1', 4, '3-5', 'B607', 'MNK006', 10),
(1191, 1, 'GK242', 'HANTC2.3', 4, '3-5', 'B402', 'CNK016', 10),
(1192, 1, 'GK242', 'HANTC2.2', 4, '6-8', 'B607', 'CNK013', 10),
(1193, 1, 'GK242', 'HANTC2.1', 5, '3-5', 'B208', 'CNK016', 10),
(1194, 1, 'GK242', 'HANTC2.2', 5, '3-5', 'B410', 'MNK006', 10),
(1195, 1, 'GK242', 'HANTC2.5', 5, '8-10', 'B204', 'CNK016', 10),
(1196, 1, 'GK242', 'HANTC2.4', 6, '3-5', 'B212', 'CNK016', 10),
(1197, 1, 'GK242', 'HANTC2.5', 6, '3-5', 'B606', 'MNK006', 10),
(1198, 1, 'GK242', 'HANTC2.4', 7, '3-5', 'B302', 'MNK006', 10),
(1199, 1, 'GJ101', 'NHAT1.3', 2, '1-2', 'B608', 'CNJ041', 10),
(1200, 1, 'GJ101', 'NHAT1.3', 4, '1-2', 'B104', 'CNJ041', 10),
(1201, 1, 'GJ101', 'NHAT1.4', 4, '8-10', 'B707', 'CNJ018', 10),
(1202, 1, 'GJ101', 'NHAT1.3', 6, '1-2', 'B610', 'CNJ041', 10),
(1203, 1, 'GJ101', 'NHAT1.4', 6, '8-10', 'B304', 'CNJ005', 10),
(1204, 1, 'GJ102', 'NHAT2.2', 2, '3-5', 'B508', 'CNJ025', 10),
(1205, 1, 'GJ102', 'NHAT2.3', 2, '8-10', 'B613', 'CNJ041', 10),
(1206, 1, 'GJ102', 'NHAT2.4', 3, '8-10', 'B613', 'CNJ004', 10),
(1207, 1, 'GJ102', 'NHAT2.2', 4, '3-5', 'B611', 'CNJ025', 10),
(1208, 1, 'GJ102', 'NHAT2.3', 4, '8-10', 'B104', 'CNJ041', 10),
(1209, 1, 'GJ102', 'NHAT2.4', 5, '8-10', 'B705', 'CNJ025', 10),
(1210, 1, 'GJ240', 'NHATTC1.1', 2, '1-2', 'B508', 'CNJ003', 10),
(1211, 1, 'GJ240', 'NHATTC1.2', 2, '1-2', 'B602', 'CNJ036', 10),
(1212, 1, 'GJ240', 'NHATTC1.3', 2, '3-4', 'B606', 'CNJ007', 10),
(1213, 1, 'GJ240', 'NHATTC1.5', 2, '6-7', 'B104', 'CNJ007', 10),
(1214, 1, 'GJ240', 'NHATTC1.4', 2, '6-7', 'B504', 'CNJ008', 10),
(1215, 1, 'GJ240', 'NHATTC1.2', 3, '1-2', 'B602', 'CNJ003', 10),
(1216, 1, 'GJ240', 'NHATTC1.1', 3, '1-2', 'B508', 'CNJ035', 10),
(1217, 1, 'GJ240', 'NHATTC1.3', 3, '3-4', 'B607', 'CNJ007', 10),
(1218, 1, 'GJ240', 'NHATTC1.4', 3, '6-7', 'B606', 'CNJ035', 10),
(1219, 1, 'GJ240', 'NHATTC1.5', 3, '6-7', 'B607', 'CNJ036', 10),
(1220, 1, 'GJ240', 'NHATTC1.1', 4, '1-2', 'B602', 'CNJ003', 10),
(1221, 1, 'GJ240', 'NHATTC1.2', 4, '1-2', 'B604', 'CNJ036', 10),
(1222, 1, 'GJ240', 'NHATTC1.3', 4, '3-4', 'B104', 'CNJ034', 10),
(1223, 1, 'GJ240', 'NHATTC1.4', 4, '6-7', 'B713', 'CNJ008', 10),
(1224, 1, 'GJ240', 'NHATTC1.5', 4, '8-9', 'B208', 'CNJ036', 10),
(1225, 1, 'GJ240', 'NHATTC1.1', 5, '1-2', 'B508', 'CNJ003', 10),
(1226, 1, 'GJ240', 'NHATTC1.3', 5, '1-2', 'B504', 'CNJ034', 10),
(1227, 1, 'GJ240', 'NHATTC1.2', 5, '3-4', 'B606', 'CNJ036', 10),
(1228, 1, 'GJ240', 'NHATTC1.4', 5, '6-7', 'B604', 'CNJ008', 10),
(1229, 1, 'GJ240', 'NHATTC1.5', 5, '8-9', 'B603', 'CNJ036', 10),
(1230, 1, 'GJ240', 'NHATTC1.1', 6, '1-2', 'B602', 'CNJ035', 10),
(1231, 1, 'GJ240', 'NHATTC1.2', 6, '1-2', 'B606', 'CNJ003', 10),
(1232, 1, 'GJ240', 'NHATTC1.3', 6, '3-4', 'B104', 'CNJ034', 10),
(1233, 1, 'GJ240', 'NHATTC1.4', 6, '6-7', 'B604', 'CNJ035', 10),
(1234, 1, 'GJ240', 'NHATTC1.5', 6, '6-7', 'B402', 'CNJ007', 10),
(1235, 1, 'GJ240', 'NHATTC1.1', 7, '1-2', 'B602', 'CNJ035', 10),
(1236, 1, 'GJ240', 'NHATTC1.2', 7, '1-2', 'B604', 'CNJ036', 10),
(1237, 1, 'GJ240', 'NHATTC1.3', 7, '3-4', 'B502', 'CNJ034', 10),
(1238, 1, 'GJ240', 'NHATTC1.4', 7, '6-7', 'B502', 'CNJ008', 10),
(1239, 1, 'GJ240', 'NHATTC1.5', 7, '6-7', 'B602', 'CNJ036', 10),
(1240, 1, 'GF101', 'PHAP1.9', 2, '6-7', 'B606', 'CNF005', 10),
(1241, 1, 'GF101', 'PHAP1.7', 2, '6-8', 'B212', 'CNF004', 10),
(1242, 1, 'GF101', 'PHAP1.10', 3, '8-10', 'B705', 'CNF005', 10),
(1243, 1, 'GF101', 'PHAP1.7', 4, '6-8', 'B304', 'CNF004', 10),
(1244, 1, 'GF101', 'PHAP1.9', 4, '6-7', 'B404', 'CNF005', 10),
(1245, 1, 'GF101', 'PHAP1.8', 5, '3-5', 'B308', 'MNF006', 10),
(1246, 1, 'GF101', 'PHAP1.10', 5, '8-10', 'B710', 'CNF005', 10),
(1247, 1, 'GF101', 'PHAP1.8', 6, '3-5', 'B308', 'MNF006', 10),
(1248, 1, 'GF101', 'PHAP1.6', 6, '3-5', 'A605', 'CNF001', 10),
(1249, 1, 'GF101', 'PHAP1.6 (BS)', 6, '3-5', 'A505', 'CNF005', 10),
(1250, 1, 'GF101', 'PHAP1.9', 6, '6-7', 'B607', 'CNF005', 10),
(1251, 1, 'GF101', 'PHAP1.6', 7, '3-5', 'A609', 'CNF001', 10),
(1252, 1, 'GF101', 'PHAP1.6 (BS)', 7, '3-5', 'B610', 'CNF005', 10),
(1253, 1, 'GF102', 'PHAP2.6', 2, '8-10', 'B104', 'CNF005', 10),
(1254, 1, 'GF102', 'PHAP2.9', 3, '1-2', 'B608', 'MNF006', 10),
(1255, 1, 'GF102', 'PHAP2.10', 3, '6-8', 'B312', 'CNF004', 10),
(1256, 1, 'GF102', 'PHAP2.7', 3, '8-10', 'B713', 'MNF006', 10),
(1257, 1, 'GF102', 'PHAP2.6', 4, '8-10', 'B312', 'CNF005', 10),
(1258, 1, 'GF102', 'PHAP2.9', 5, '1-2', 'B610', 'MNF006', 10),
(1259, 1, 'GF102', 'PHAP2.10', 5, '6-8', 'B308', 'CNF004', 10),
(1260, 1, 'GF102', 'PHAP2.7', 5, '8-10', 'B310', 'MNF006', 10),
(1261, 1, 'GF102', 'PHAP2.8', 6, '8-10', 'B606', 'CNF005', 10),
(1262, 1, 'GF102', 'PHAP2.9', 7, '1-2', 'B713', 'MNF006', 10),
(1263, 1, 'GF102', 'PHAP2.8', 7, '8-10', 'B210', 'MNF006', 10),
(1264, 1, 'GZ101', 'TRUNG1.7', 2, '1-2', 'B510', 'CNZ011', 10),
(1265, 1, 'GZ101', 'TRUNG1.5', 2, '3-5', 'B512', 'CNZ005', 10),
(1266, 1, 'GZ101', 'TRUNG1.9', 2, '6-7', 'B506', 'CNZ008', 10),
(1267, 1, 'GZ101', 'TRUNG1.8', 3, '1-2', 'B506', 'CNZ001', 10),
(1268, 1, 'GZ101', 'TRUNG1.6', 3, '3-5', 'B608', 'CNZ008', 10),
(1269, 1, 'GZ101', 'TRUNG1.10', 3, '6-7', 'B608', 'CNZ011', 10),
(1270, 1, 'GZ101', 'TRUNG1.11', 3, '8-10', 'B606', 'CNZ008', 10),
(1271, 1, 'GZ101', 'TRUNG1.7', 4, '1-2', 'B606', 'CNZ011', 10),
(1272, 1, 'GZ101', 'TRUNG1.5', 4, '3-5', 'B605', 'CNZ005', 10),
(1273, 1, 'GZ101', 'TRUNG1.9', 4, '6-7', 'B710', 'CNZ008', 10),
(1274, 1, 'GZ101', 'TRUNG1.8', 5, '1-2', 'B410', 'CNZ001', 10),
(1275, 1, 'GZ101', 'TRUNG1.6', 5, '3-5', 'B408', 'CNZ008', 10),
(1276, 1, 'GZ101', 'TRUNG1.10', 5, '6-7', 'B602', 'CNZ011', 10),
(1277, 1, 'GZ101', 'TRUNG1.11', 5, '8-10', 'B604', 'CNZ008', 10),
(1278, 1, 'GZ101', 'TRUNG1.7', 6, '1-2', 'B506', 'CNZ011', 10),
(1279, 1, 'GZ101', 'TRUNG1.9', 6, '6-7', 'B602', 'CNZ008', 10),
(1280, 1, 'GZ101', 'TRUNG1.12', 6, '8-10', 'B504', 'CNZ011', 10),
(1281, 1, 'GZ101', 'TRUNG1.8', 7, '1-2', 'B504', 'CNZ001', 10),
(1282, 1, 'GZ101', 'TRUNG1.10', 7, '6-7', 'B508', 'CNZ011', 10),
(1283, 1, 'GZ101', 'TRUNG1.12', 7, '8-10', 'B502', 'CNZ011', 10),
(1284, 1, 'GZ102', 'TRUNG2.12', 2, '1-2', 'B606', 'CNZ001', 10),
(1285, 1, 'GZ102', 'TRUNG2.6', 2, '3-5', 'B604', 'CNZ011', 10),
(1286, 1, 'GZ102', 'TRUNG2.7', 2, '4-5', 'B608', 'CNZ008', 10),
(1287, 1, 'GZ102', 'TRUNG2.8', 3, '1-2', 'B606', 'CNZ008', 10),
(1288, 1, 'GZ102', 'TRUNG2.5', 3, '3-5', 'B611', 'CNZ010', 10),
(1289, 1, 'GZ102', 'TRUNG2.9', 3, '6-7', 'B611', 'CNZ008', 10),
(1290, 1, 'GZ102', 'TRUNG2.10', 3, '8-10', 'B608', 'CNZ011', 10),
(1291, 1, 'GZ102', 'TRUNG2.12', 4, '1-2', 'B710', 'CNZ001', 10),
(1292, 1, 'GZ102', 'TRUNG2.6', 4, '3-5', 'B612', 'CNZ011', 10),
(1293, 1, 'GZ102', 'TRUNG2.7', 4, '4-5', 'B512', 'CNZ008', 10),
(1294, 1, 'GZ102', 'TRUNG2.8', 5, '1-2', 'B606', 'CNZ008', 10),
(1295, 1, 'GZ102', 'TRUNG2.5', 5, '3-5', 'B608', 'CNZ010', 10),
(1296, 1, 'GZ102', 'TRUNG2.9', 5, '6-7', 'B606', 'CNZ008', 10),
(1297, 1, 'GZ102', 'TRUNG2.10', 5, '8-10', 'B606', 'CNZ011', 10),
(1298, 1, 'GZ102', 'TRUNG2.12', 6, '1-2', 'B608', 'CNZ001', 10),
(1299, 1, 'GZ102', 'TRUNG2.11', 6, '3-5', 'A607', 'CNZ011', 10),
(1300, 1, 'GZ102', 'TRUNG2.7', 6, '4-5', 'B608', 'CNZ008', 10),
(1301, 1, 'GZ102', 'TRUNG2.8', 7, '1-2', 'B606', 'CNZ008', 10),
(1302, 1, 'GZ102', 'TRUNG2.11', 7, '3-5', 'B602', 'CNZ008', 10),
(1303, 1, 'GZ102', 'TRUNG2.9', 7, '6-7', 'B506', 'CNZ008', 10),
(1304, 1, 'GZ221', 'TRUNGTC1.2', 3, '6-9', 'B510', 'CNZ001', 10),
(1305, 1, 'GZ221', 'TRUNGTC1.1', 3, '6-9', 'B410', 'CNZ004', 10),
(1306, 1, 'GZ221', 'TRUNGTC1.1', 5, '6-7', 'B502', 'CNZ004', 10),
(1307, 1, 'GZ221', 'TRUNGTC1.2', 5, '6-7', 'B504', 'CNZ001', 10),
(1308, 1, 'GZ221', 'TRUNGTC1.3', 5, '8-9', 'B408', 'CNZ001', 10),
(1309, 1, 'GZ221', 'TRUNGTC1.4', 5, '8-9', 'B506', 'CNZ004', 10),
(1310, 1, 'GZ221', 'TRUNGTC1.4', 7, '6-9', 'B410', 'CNZ004', 10),
(1311, 1, 'GZ221', 'TRUNGTC1.3', 7, '6-9', 'B408', 'CNZ001', 10),
(1312, 1, 'CF320', 'TINHIEU&HETHONG.1', 7, '1-5', 'B612', 'MTI038', 10),
(1313, 1, 'AN201A', 'TINHNANGNHACCUA.1', 2, '3-3', 'B807', 'MAN005', 10),
(1314, 1, 'AN201A', 'TINHNANGNHACCUA.2', 2, '6-6', 'B807', 'MAN005', 10),
(1315, 1, 'AN201A', 'TINHNANGNHACCUA.3', 2, '9-9', 'B807', 'MAN005', 10),
(1316, 1, 'AN201A', 'TINHNANGNHACCUA.4', 4, '6-6', 'B807', 'MAN017', 10),
(1317, 1, 'MD413', 'TOASOANĐPT.1.1_BT', 1, '6-7', 'BOMON2', 'MXC016', 10),
(1318, 1, 'MD413', 'TOASOANĐPT.2.1_BT', 1, '6-7', 'BOMON', 'MXC013', 10),
(1319, 1, 'MD413', 'TOASOANĐPT.3.1_BT', 1, '6-7', 'BOMON', 'CXC008', 10),
(1320, 1, 'MD413', 'TOASOANĐPT.4.1_BT', 1, '6-7', 'BOMON', 'CXC001', 10),
(1321, 1, 'MD413', 'TOASOANĐPT.5.1_BT', 1, '6-7', 'BOMON1', 'CXC006', 10),
(1322, 1, 'MD413', 'TOASOANĐPT.6.1_BT', 1, '6-7', 'BOMON', 'CXC004', 10),
(1323, 1, 'MD413', 'TOASOANĐPT.1_LT', 2, '2-5', 'A604', 'MXC016', 10),
(1324, 1, 'MD413', 'TOASOANĐPT.2_LT', 2, '6-9', 'A604', 'MXC013', 10),
(1325, 1, 'MD413', 'TOASOANĐPT.3_LT', 5, '2-5', 'A604', 'CXC008', 10),
(1326, 1, 'MD413', 'TOASOANĐPT.4_LT', 5, '6-9', 'A604', 'CXC001', 10),
(1327, 1, 'MD413', 'TOASOANĐPT.5_LT', 6, '6-9', 'A604', 'CXC006', 10),
(1328, 1, 'MD413', 'TOASOANĐPT.6_LT', 7, '6-9', 'A604', 'CXC004', 10),
(1329, 1, 'MA300', 'TOANCHUYENNGANH.1', 4, '9-10', 'B406', 'CTM009', 10),
(1330, 1, 'MA300', 'TOANCHUYENNGANH.1', 5, '8-10', 'B502', 'CTM009', 10),
(1331, 1, 'MI201', 'TOANROIRAC.1', 2, '3-5', 'A709', 'CTI018', 10),
(1332, 1, 'MI201', 'TOANROIRAC.4', 2, '6-8', 'B702', 'CTI035', 10),
(1333, 1, 'MI201', 'TOANROIRAC.3', 2, '9-10', 'B702', 'CTI035', 10),
(1334, 1, 'MI201', 'TOANROIRAC.2', 3, '1-2', 'B704', 'CTI035', 10),
(1335, 1, 'MI201', 'TOANROIRAC.1', 4, '1-2', 'A709', 'CTI039', 10),
(1336, 1, 'MI201', 'TOANROIRAC.5', 4, '4-5', 'A704', 'CTI039', 10),
(1337, 1, 'MI201', 'TOANROIRAC.2', 4, '6-8', 'B704', 'CTI018', 10),
(1338, 1, 'MI201', 'TOANROIRAC.5', 5, '6-8', 'B704', 'CTI018', 10),
(1339, 1, 'MI201', 'TOANROIRAC.3', 6, '6-8', 'B704', 'CTI035', 10),
(1340, 1, 'MI201', 'TOANROIRAC.4', 6, '9-10', 'B704', 'CTI035', 10),
(1341, 1, 'MI302', 'TOIUUHOA.1.1_BT', 7, '1-3', 'B408', 'CTM012', 10),
(1342, 1, 'MI302', 'TOIUUHOA.1_LT', 7, '4-5', 'B402', 'CTM012', 10),
(1343, 1, 'SF320', 'TRILIEUGIADINH.1', 2, '3-5', 'B602', 'CXW013', 10),
(1344, 1, 'MI322', 'TRITUENT&CNTRITHUC.1', 6, '1-5', 'B304', 'CTI029', 10),
(1345, 1, 'MI322', 'TRITUENT&CNTRITHUC.2', 6, '6-10', 'B212', 'CTI029', 10),
(1346, 1, 'MI322', 'TRITUENT&CNTRITHUC.3', 7, '1-5', 'A303', 'CTI029', 10),
(1347, 1, 'ND339', 'TRCHUNGBENGNGK.1_LT', 4, '6-9', 'BOMON1', 'CSN006', 10),
(1348, 1, 'ND339', 'TRCHUNGBENGNGK.1.1_BT', 5, '1-2', 'BENHVIEN', '', 10),
(1349, 1, 'ND339', 'TRCHUNGBENGNGK.1.1_BT', 6, '1-3', 'BENHVIEN', '', 10),
(1350, 1, 'ND337', 'TRCHUNGBENHNK.1_LT', 2, '6-9', 'BOMON1', 'CSN012', 10),
(1351, 1, 'ND337', 'TRCHUNGBENHNK.1.1_BT', 3, '1-5', 'BENHVIEN', '', 10),
(1352, 1, 'AN253', 'TRONG.1', 2, '3-5', 'BOMON1', 'MAN014', 10),
(1353, 1, 'AN253', 'TRONG.2', 2, '6-8', 'BOMON1', 'MAN014', 10),
(1354, 1, 'AN253', 'TRONG.3', 4, '3-5', 'BOMON1', 'MAN014', 10),
(1355, 1, 'MC321', 'TTMARKETINGTH.3', 6, '6-10', 'B601', 'MXC018', 10),
(1356, 1, 'MC321', 'TTMARKETINGTH.1', 7, '1-5', 'B510', 'MXC018', 10),
(1357, 1, 'MC321', 'TTMARKETINGTH.2', 7, '6-10', 'B510', 'MXC018', 10),
(1358, 1, 'IP402', 'TTTTHONG&MANGMT.1', 1, '3-5', 'BOMON1', 'CTI030', 10),
(1359, 1, 'IM206', 'UDEXCEL.7', 1, '6-7', 'ONLINE', 'CTI005', 10),
(1360, 1, 'IM206', 'UDEXCEL.9', 1, '6-7', 'ONLINE', 'CTI003', 10),
(1361, 1, 'IM206', 'UDEXCEL.10', 1, '8-9', 'ONLINE', 'CTI003', 10),
(1362, 1, 'IM206', 'UDEXCEL.8', 1, '8-9', 'ONLINE', 'CTI005', 10),
(1363, 1, 'IM206', 'UDEXCEL.7', 2, '6-7', 'A709', 'CTI005', 10),
(1364, 1, 'IM206', 'UDEXCEL.8', 2, '8-9', 'A709', 'CTI005', 10),
(1365, 1, 'IM206', 'UDEXCEL.9', 3, '6-7', 'A709', 'CTI003', 10),
(1366, 1, 'IM206', 'UDEXCEL.10', 3, '8-9', 'A709', 'CTI003', 10),
(1367, 1, 'AD215', 'UDPOWERPOINT.8.1_BT', 1, '1-12', 'ONLINE', 'CTI003', 10),
(1368, 1, 'AD215', 'UDPOWERPOINT.7.1_BT', 1, '1-12', 'ONLINE', 'CTI003', 10),
(1369, 1, 'AD215', 'UDPOWERPOINT.7_LT', 2, '1-12', 'MSteam', 'CTI003', 10),
(1370, 1, 'AD215', 'UDPOWERPOINT.8_LT', 4, '1-12', 'MSteam', 'CTI003', 10),
(1371, 1, 'IS386', 'UDTM-DTDL.1_LT', 6, '6-8', 'B407', 'CTI010', 10),
(1372, 1, 'IS386', 'UDTM-DTDL.1.1_BT', 7, '6-9', 'ONLINE', 'CTI010', 10),
(1373, 1, 'SH113', 'VHDONGNAMA.1', 2, '3-5', 'B303', 'CXV016', 10),
(1374, 1, 'SH113', 'VHDONGNAMA.1', 2, '6-7', 'B303', 'CXV016', 10),
(1375, 1, 'TR315', 'VANHOADL.3', 2, '6-10', 'A402', 'MXV047', 10),
(1376, 1, 'TR315', 'VANHOADL.4', 6, '6-10', 'BOMON', 'CDL005', 10),
(1377, 1, 'VC200', 'VHOAVN.2', 4, '3-5', 'A402', 'CXV003', 10),
(1378, 1, 'VC200', 'VHOAVN.3', 4, '6-8', 'A602', 'CXV003', 10),
(1379, 1, 'VC200', 'VHOAVN.1', 6, '8-10', 'B307', 'CXV003', 10),
(1380, 1, 'MA239', 'XSUATTKE.1_LT', 3, '3-5', 'B507', 'CTM007', 10),
(1381, 1, 'MA239', 'XSUATTKE.2_LT', 3, '8-10', 'B407', 'CTM021', 10),
(1382, 1, 'MA239', 'XSUATTKE.1.1_BT', 4, '3-5', 'A702', 'CTM005', 10),
(1383, 1, 'MA239', 'XSUATTKE.2.1_BT', 5, '8-10', 'A704', 'CTM005', 10),
(1384, 1, 'MA239', 'XSUATTKE.1.2_BT', 6, '3-5', 'B704', 'CTM012', 10),
(1385, 1, 'MA239', 'XSUATTKE.2_LT', 6, '8-9', 'B503', 'CTM021', 10),
(1386, 1, 'MA239', 'XSUATTKE.1_LT', 7, '4-5', 'B507', 'CTM007', 10),
(1387, 1, 'MA239', 'XSUATTKE.2.2_BT', 7, '8-10', 'A702', 'CTM012', 10),
(1388, 1, 'MA231', 'XSTKEUDUNG.5_LT', 2, '3-5', 'B307', 'CTM013', 10),
(1389, 1, 'MA231', 'XSTKEUDUNG.5.2_BT', 3, '3-5', 'A704', 'CTM009', 10),
(1390, 1, 'MA231', 'XSTKEUDUNG.4.2_BT', 3, '8-10', 'A702', 'CTM012', 10),
(1391, 1, 'MA231', 'XSTKEUDUNG.5_LT', 4, '11-12', 'B101', 'CTM013', 10),
(1392, 1, 'MA231', 'XSTKEUDUNG.4.1_BT', 4, '6-8', 'A704', 'CTM009', 10),
(1393, 1, 'MA231', 'XSTKEUDUNG.4_LT', 5, '8-10', 'A303', 'CTM021', 10),
(1394, 1, 'MA231', 'XSTKEUDUNG.5.1_BT', 6, '3-5', 'B708', 'CTM011', 10),
(1395, 1, 'MA231', 'XSTKEUDUNG.4_LT', 6, '6-7', 'B507', 'CTM021', 10),
(1396, 1, 'MD131', 'XULYANH.5.1_BT', 1, '8-9', 'BOMON', 'MXC009', 10),
(1397, 1, 'MD131', 'XULYANH.6.1_BT', 1, '8-9', 'BOMON', 'MXC002', 10),
(1398, 1, 'MD131', 'XULYANH.1.1_BT', 1, '8-9', 'BOMON', 'MXC002', 10),
(1399, 1, 'MD131', 'XULYANH.2.1_BT', 1, '8-9', 'BOMON', 'MXC002', 10),
(1400, 1, 'MD131', 'XULYANH.3.1_BT', 1, '8-9', 'BOMON', 'MXC002', 10),
(1401, 1, 'MD131', 'XULYANH.1_LT', 3, '2-5', 'A604', 'MXC002', 10),
(1402, 1, 'MD131', 'XULYANH.2_LT', 3, '6-9', 'A604', 'MXC002', 10),
(1403, 1, 'MD131', 'XULYANH.5_LT', 4, '6-9', 'A604', 'MXC009', 10),
(1404, 1, 'MD131', 'XULYANH.3_LT', 6, '2-5', 'A604', 'MXC002', 10),
(1405, 1, 'MD131', 'XULYANH.6_LT', 7, '2-5', 'A604', 'MXC002', 10),
(1406, 1, 'AI320', 'XULYNNTN.1', 4, '6-10', 'A703', 'MTI049', 10),
(1407, 1, 'BK327', 'XUATNHAPKHAU.1', 4, '1-5', 'B312', 'CQB002', 10);

-- --------------------------------------------------------

--
-- Table structure for table `semester`
--

CREATE TABLE `semester` (
  `semester_id` int(11) NOT NULL,
  `semester_name` varchar(30) NOT NULL,
  `id_group` int(11) DEFAULT NULL,
  `year` varchar(10) NOT NULL,
  `cash` int(11) DEFAULT NULL
) ENGINE=InnoDB DEFAULT CHARSET=utf8 COLLATE=utf8_general_ci;

--
-- Dumping data for table `semester`
--

INSERT INTO `semester` (`semester_id`, `semester_name`, `id_group`, `year`, `cash`) VALUES
(1, 'Học kỳ 1', NULL, '2023-2024', 400000);

-- --------------------------------------------------------

--
-- Table structure for table `staff`
--

CREATE TABLE `staff` (
  `staff_code` int(11) NOT NULL,
  `staff_name` varchar(150) NOT NULL,
  `password` text NOT NULL,
  `birthday` date DEFAULT NULL,
  `phone_number` varchar(10) DEFAULT NULL,
  `address` varchar(200) DEFAULT NULL
) ENGINE=InnoDB DEFAULT CHARSET=utf8 COLLATE=utf8_general_ci;

-- --------------------------------------------------------

--
-- Table structure for table `student`
--

CREATE TABLE `student` (
  `student_code` varchar(6) NOT NULL,
  `student_name` varchar(150) NOT NULL,
  `password` text NOT NULL,
  `birthday` date DEFAULT NULL,
  `phone_number` varchar(10) DEFAULT NULL,
  `address` varchar(200) DEFAULT NULL,
  `classroom_code` varchar(10) DEFAULT NULL
) ENGINE=InnoDB DEFAULT CHARSET=utf8 COLLATE=utf8_general_ci;

--
-- Dumping data for table `student`
--

INSERT INTO `student` (`student_code`, `student_name`, `password`, `birthday`, `phone_number`, `address`, `classroom_code`) VALUES
('A37497', 'Nguyễn Duy Anh', 'e10adc3949ba59abbe56e057f20f883e', NULL, NULL, NULL, NULL),
('A41603', 'Trần Minh Quang', 'e10adc3949ba59abbe56e057f20f883e', '2003-09-02', '0397847805', 'Vinh Phúc', 'TT34H1'),
('A43030', 'Lê Thanh Hòa', 'e10adc3949ba59abbe56e057f20f883e', NULL, NULL, NULL, NULL),
('A43933', 'Ngô Quang Hạnh', 'e10adc3949ba59abbe56e057f20f883e', NULL, NULL, NULL, NULL);

-- --------------------------------------------------------

--
-- Table structure for table `subject`
--

CREATE TABLE `subject` (
  `subject_code` varchar(8) NOT NULL,
  `subject_name` varchar(100) NOT NULL,
  `credits` int(11) NOT NULL,
  `coef` double NOT NULL
) ENGINE=InnoDB DEFAULT CHARSET=utf8 COLLATE=utf8_general_ci;

--
-- Dumping data for table `subject`
--

INSERT INTO `subject` (`subject_code`, `subject_name`, `credits`, `coef`) VALUES
('AC201', 'Nguyên lý kế toán', 3, 2.58),
('AC210', 'Kế toán doanh nghiệp', 3, 1.84),
('AC322', 'Kế toán ngân hàng', 3, 1.16),
('AD206', 'Ẩm thực Việt Nam', 3, 2.49),
('AD212', 'Phương pháp hùng biện và các thủ thuật tranh biện', 3, 2.1),
('AD213', 'Hát – Nhạc', 3, 2.63),
('AD214', 'Nâng cao chất lượng giọng hát', 3, 1.36),
('AD215', 'Ứng dụng PowerPoint', 3, 2.96),
('AD216', 'Kỹ năng sống', 3, 1.94),
('AD240', 'Nhiếp ảnh cơ bản', 3, 2.23),
('AD241', 'Dẫn chương trình (MC)', 3, 2.51),
('AD242', 'Thiết kế mỹ thuật', 3, 2.57),
('AD314', 'Nhảy hiện đại', 4, 2.31),
('AI130', 'Nhập môn trí tuệ nhân tạo', 3, 1.67),
('AI310', 'Học sâu', 3, 1.92),
('AI320', 'Xử lý ngôn ngữ tự nhiên', 3, 1.28),
('AI321', 'Thị giác máy tính', 3, 2.19),
('AI485', 'CĐTN: Ngành Trí tuệ nhân tạo', 6, 2.77),
('AI499', 'KLTN ngành Trí tuệ nhân tạo', 6, 2.27),
('AN201A', 'Tính năng nhạc cụ A', 1, 1.52),
('AN212A', 'Ký xướng âm 2A', 2, 1.91),
('AN223A', 'Piano ứng dụng 1A', 1, 1.91),
('AN232A', 'Kỹ thuật thanh nhạc 2A', 2, 1.62),
('AN235A', 'Thanh nhạc ứng dụng 2A', 2, 2.86),
('AN242A', 'Kỹ thuật biểu diễn (vũ đạo) 2A', 2, 2.8),
('AN251A', 'Thực hành biểu diễn 1A', 2, 1.18),
('AN252', 'Guitar', 2, 2.18),
('AN253', 'Trống', 2, 1.37),
('AN301A', 'Hòa thanh A', 1, 1.42),
('AN303', 'Phối khí 1', 2, 1.85),
('AN311A', 'Sáng tác ca khúc 1A', 1, 1.58),
('AN323A', 'Piano ứng dụng 2A', 2, 1.52),
('AN333A', 'Kỹ thuật thanh nhạc 3A', 2, 2.69),
('AN352A', 'Thực hành biểu diễn 2A', 2, 2.33),
('AN412', 'Sáng tác ca khúc 2', 3, 1.68),
('AN413A', 'Kỹ thuật Phòng thu A', 1, 2.44),
('AN434A', 'Kỹ thuật thanh nhạc 4A', 2, 1.51),
('BA102', 'Quản trị học đại cương', 3, 1.09),
('BA211', 'Quản trị tác nghiệp', 3, 2.76),
('BA217', 'Quản lí nguồn nhân lực trong du lịch', 3, 2.78),
('BA222', 'Phân tích và lập dự án', 3, 2.58),
('BA313', 'Quản trị chiến lược', 3, 1.71),
('BA314', 'Quản trị nguồn nhân lực', 3, 1.51),
('BA324', 'Quản lý dự án', 3, 2.24),
('BA330', 'Quản trị chiến lược trong kinh doanh du lịch', 3, 1.57),
('BA331', 'Khởi sự kinh doanh', 3, 2.69),
('BA332', 'Quản trị kinh doanh lữ hành', 3, 2.66),
('BA333', 'Quản trị kinh doanh khách sạn', 3, 1.94),
('BA334', 'Quản trị kinh doanh nhà hàng', 3, 2.12),
('BK201', 'Ngân hàng thương mại 1', 3, 1.14),
('BK302', 'Ngân hàng thương mại 2', 3, 1.22),
('BK312', 'Ngân hàng phát triển', 3, 1.16),
('BK313', 'Ngân hàng trung ương', 3, 1.05),
('BK321', 'Thanh toán quốc tế', 3, 1.63),
('BK327', 'Xuất nhập khẩu', 3, 2.45),
('BK405', 'Quản trị rủi ro tín dụng của ngân hàng thương mại', 3, 1.86),
('BK490', 'CĐTN: Chuyên ngành Ngân hàng', 3, 2.62),
('BK499', 'KLTN chuyên ngành Ngân hàng', 6, 1.59),
('CF211', 'Phân tích và thiết kế thuật toán', 2, 2.74),
('CF212', 'Cấu trúc dữ liệu', 3, 1.66),
('CF231', 'Lý thuyết thông tin và mã hóa', 2, 2.92),
('CF320', 'Tín hiệu và hệ thống', 3, 1.23),
('CS102', 'Công dân số', 2, 1.82),
('CS122', 'Lập trình hướng đối tượng', 3, 2.7),
('CS212', 'Kiến trúc máy tính', 3, 2.14),
('CS223', 'Lập trình Java', 3, 1.93),
('CS314', 'Lập trình ứng dụng di động', 2, 1.38),
('CS315', 'Nguyên lý hệ điều hành', 3, 2.55),
('CS321', 'Nhập môn khoa học dữ liệu', 2, 1.18),
('CS425', 'Một số vấn đề hiện đại trong khoa học máy tính', 2, 2.21),
('CS499', 'KLTN ngành Khoa học máy tính', 6, 2.96),
('EC101', 'Kinh tế học đại cương', 3, 2.49),
('EC102', 'Nhập môn kinh tế học', 2, 2.23),
('EC200', 'Kinh tế vĩ mô và vi mô', 3, 2.05),
('EC204', 'Kinh tế vi mô', 3, 2.57),
('EC205', 'Kinh tế vĩ mô', 3, 1.09),
('EC221', 'Luật Kinh tế', 2, 1.56),
('EC310', 'Các phương pháp phân tích định lượng trong kinh tế', 3, 2.82),
('ES211', 'Kỹ năng Nghe tiếng Anh 1', 2, 2.92),
('ES212', 'Kỹ năng Nghe tiếng Anh 2', 2, 2.15),
('ES221', 'Kỹ năng Nói tiếng Anh 1', 2, 2.35),
('ES222', 'Kỹ năng Nói tiếng Anh 2', 2, 2.5),
('ES231', 'Kỹ năng Đọc tiếng Anh 1', 2, 1.14),
('ES232', 'Kỹ năng Đọc tiếng Anh 2', 2, 1.83),
('ES241', 'Kỹ năng Viết tiếng Anh 1', 2, 2.54),
('ES242', 'Kỹ năng Viết tiếng Anh 2', 2, 1.8),
('FA130', 'Nguyên lý thị giác và màu sắc', 3, 2.93),
('FA421', 'Thiết kế đồ họa truyền thông', 3, 1.24),
('FN201', 'Tài chính tiền tệ căn bản', 3, 2.66),
('FN211', 'Tài chính doanh nghiệp', 3, 1.12),
('FN212', 'Quản trị tài chính doanh nghiệp 1', 3, 2.86),
('FN214', 'Quản trị tài chính trong du lịch', 3, 1.81),
('FN222', 'Tài chính công', 3, 2.1),
('FN224', 'Thuế', 3, 1.69),
('FN261', 'Tài chính quốc tế', 3, 1.93),
('FN313', 'Quản trị tài chính doanh nghiệp 2', 3, 1.38),
('FN317', 'Công cụ tài chính phái sinh', 2, 2.01),
('FN331', 'Thị trường chứng khoán', 3, 1.22),
('FN333', 'Quản trị rủi ro tài chính', 3, 2.27),
('FN334', 'Đầu tư chứng khoán', 2, 2.63),
('FN335', 'Bảo hiểm', 3, 1.87),
('FN418', 'Phân tích tài chính doanh nghiệp', 2, 2.53),
('FN436', 'Định giá tài sản', 3, 2.13),
('FN438', 'Đầu tư tài chính', 3, 2.37),
('FN481', 'CĐTN: Ngành Tài chính - Ngân hàng', 3, 2.67),
('FN495', 'Thực tập tốt nghiệp ngành Tài chính – Ngân hàng', 3, 1.08),
('FN499', 'KLTN chuyên ngành Tài chính', 6, 2.49),
('GD103', 'Tiếng Đức A1.3', 1, 2.64),
('GD205', 'Tiếng Đức A2.3', 2, 2.77),
('GD301', 'Tiếng Đức B1.1', 2, 1.66),
('GE121', 'Tiếng Anh sơ trung cấp 1', 2, 1.11),
('GE205', 'Tiếng Anh sơ trung cấp 3', 2, 1.06),
('GE222', 'Tiếng Anh sơ trung cấp 2', 2, 1.92),
('GE231', 'Tiếng Anh trung cấp 1', 2, 1.05),
('GE232', 'Tiếng Anh trung cấp 2', 2, 2),
('GE333', 'Tiếng Anh trung cấp 3', 2, 1.83),
('GF101', 'Tiếng Pháp 1', 2, 2.07),
('GF102', 'Tiếng Pháp 2', 2, 1.38),
('GJ101', 'Tiếng Nhật 1', 2, 1.11),
('GJ102', 'Tiếng Nhật 2', 2, 1.22),
('GJ240', 'Tiếng Nhật trung cấp 1', 4, 1.93),
('GJ270', 'Bổ trợ kỹ năng tiếng Nhật trung cấp 1', 2, 2.65),
('GK101', 'Tiếng Hàn 1', 2, 2.18),
('GK102', 'Tiếng Hàn 2', 2, 1.98),
('GK242', 'Tiếng Hàn trung cấp 2', 3, 2.63),
('GK261', 'Kỹ năng nghe, nói, đọc, viết Hàn 4', 3, 2.8),
('GZ101', 'Tiếng Trung 1', 2, 2.22),
('GZ102', 'Tiếng Trung 2', 2, 2.71),
('GZ211', 'Thực hành tiếng Trung Quốc 4', 4, 2.05),
('GZ221', 'Tiếng Trung trung cấp 1', 2, 1.61),
('HR200', 'Quản trị tiền sảnh', 3, 1.37),
('HR201', 'Quản trị nghiệp vụ buồng', 3, 2.58),
('HR202', 'Quản trị nghiệp vụ bàn', 3, 1.45),
('HR203', 'Quản trị nghiệp vụ bar', 3, 1.81),
('HR310', 'Quản trị sự kiện', 3, 1.14),
('HR320', 'Quản trị tiệc', 3, 1.27),
('IE201', 'Kinh tế quốc tế 1', 3, 1.98),
('IE204', 'Kinh tế các nước Asean', 3, 1.56),
('IM206', 'ứng dụng Excel', 2, 1.47),
('IP401', 'Thực tập ngành Khoa học máy tính', 2, 1.18),
('IP402', 'TT ngành Truyền thông và mạng máy tính', 2, 2.08),
('IP403', 'Thực tập ngành Hệ thống thông tin', 2, 1.95),
('IP404', 'Thực tập ngành CNTT', 2, 2.35),
('IP405', 'Thực tập ngành Trí tuệ nhân tạo', 3, 2.11),
('IS222', 'Cơ sở dữ liệu', 3, 2.84),
('IS314', 'Hệ thống thông tin', 3, 1.8),
('IS317', 'Hạ tầng công nghệ thông tin', 2, 2.96),
('IS322', 'Hệ quản trị cơ sở dữ liệu', 3, 2.41),
('IS325', 'Cơ sở dữ liệu phân tán', 2, 2.69),
('IS326', 'Khai phá dữ liệu', 3, 1.48),
('IS330', 'Dữ liệu lớn', 2, 1.04),
('IS332', 'Phân tích thiết kế hướng đối tượng', 3, 2.8),
('IS334', 'Quản lý dự án hệ thống thông tin', 3, 1.68),
('IS386', 'Ứng dụng thương mại điện tử trong du lịch', 3, 1.98),
('IS480', 'Kiến trúc doanh nghiệp', 3, 1.61),
('IS484', 'CĐTN: Cơ sở dữ liệu', 6, 2.2),
('IS499', 'KLTN ngành Hệ thống thông tin', 6, 2.64),
('IT320', 'Lập trình Python', 3, 1.67),
('IT332', 'Internet of Things', 2, 2.06),
('IT333', 'Công nghệ Web', 3, 2.68),
('IT380', 'Dự án Công nghệ thông tin', 2, 2.61),
('IT499', 'KLTN ngành CNTT', 6, 2.4),
('LD213', 'Luật tố tụng Dân sự Việt Nam', 3, 1.12),
('LD323a', 'Luật thi hành án dân sự Việt Nam bổ sung', 3, 2.23),
('LG219', 'Quản lý logistics', 3, 2.6),
('LK221', 'Luật Doanh nghiệp', 3, 1.49),
('LK222', 'Luật Tài chính Việt Nam', 3, 2.14),
('LK302', 'Luật Thương mại Việt Nam', 3, 1.54),
('LK303', 'Luật Kinh doanh bất động sản', 2, 1.29),
('LK323a', 'Luật môi trường bổ sung', 3, 1.25),
('LK480', 'Thực tập tốt nghiệp', 4, 2),
('LN305', 'Kỹ năng tư vấn trong lĩnh vực đất đai', 2, 2.85),
('LN407', 'Kỹ năng tư vấn pháp luật trong lĩnh vực lao động', 2, 1.52),
('LQ221', 'Công pháp quốc tế', 3, 2.85),
('MA100', 'Logic và suy luận toán học', 2, 1.65),
('MA101', 'Logic, suy luận toán học và kỹ thuật đếm', 3, 2.76),
('MA104', 'Số và cấu trúc đại số', 3, 1.25),
('MA110', 'Giải tích 1', 3, 1.22),
('MA111', 'Giải tích 2', 3, 2.07),
('MA142', 'Đại số tuyến tính, giải tích và ứng dụng trong kinh tế', 4, 1.24),
('MA231', 'Xác suất thống kê ứng dụng', 4, 1.99),
('MA236', 'Thống kê du lịch', 3, 2.97),
('MA239', 'Xác suất thống kê', 4, 2.85),
('MA300', 'Toán chuyên ngành truyền thông dữ liệu', 3, 2.28),
('MC308', 'Sự kiện và tổ chức sự kiện', 3, 1.05),
('MC311', 'Kịch bản truyền thông', 3, 1.81),
('MC321', 'Truyền thông Marketing tích hợp', 3, 2.72),
('MC492', 'Thực tập tốt nghiệp', 4, 1.74),
('MC499', 'Khóa luận tốt nghiệp', 6, 1.21),
('MD131', 'Xử lý ảnh', 3, 1.57),
('MD211', 'Thiết kế hoạt hình 2D', 3, 2.74),
('MD212', 'Thiết kế nhận diện thương hiệu và quảng cáo', 3, 1.69),
('MD223', 'Dẫn chương trình truyền hình', 3, 2.64),
('MD292', 'Thực tập thiết kế', 3, 2.91),
('MD413', 'Tòa soạn đa phương tiện', 3, 1.44),
('MD423', 'Quan hệ công chúng', 3, 2.88),
('MI201', 'Toán rời rạc', 3, 1.38),
('MI302', 'Tối ưu hóa', 2, 1.75),
('MI322', 'Trí tuệ nhân tạo và công nghệ tri thức', 3, 1.19),
('MK201', 'Nguyên lý marketing', 2, 1.15),
('MK202', 'Marketing căn bản', 3, 1.08),
('MK305', 'Hành vi người tiêu dùng', 3, 1.34),
('MK313', 'Quản trị thương hiệu', 3, 2.72),
('MK331', 'Marketing ngân hàng', 2, 2.36),
('MK338', 'Marketing du lịch', 3, 2.98),
('MK425', 'Quan hệ công chúng', 3, 2.95),
('ML114', 'Kinh tế chính trị Mác - Lênin', 2, 2.36),
('ML115', 'Chủ nghĩa xã hội khoa học', 2, 2.31),
('ML204', 'Lịch sử Đảng', 2, 1.83),
('ND337', 'Triệu chứng và bệnh học Nội khoa', 3, 2.38),
('ND339', 'Triệu chứng biệnh học ngoại khoa', 3, 2.17),
('ND346', 'Dinh dưỡng tiết chế Nội, Nhi', 4, 1.4),
('NR202A', 'LT điều dưỡng cơ bản 2', 1, 1.58),
('NR207B', 'Thực hành Điều dưỡng cơ bản 1', 2, 1.67),
('NR208A', 'Lý thuyết đánh giá thể chất', 1, 1.14),
('NR208B', 'Thực hành đánh giá thể chất', 1, 2.51),
('NR212D', 'TH điều dưỡng các bệnh nội khoa 2', 2, 2.09),
('NR217B', 'TH Điều dưỡng các bệnh Nội khoa', 1, 2.65),
('NR218B', 'TH Điều dưỡng các bệnh Ngoại khoa', 1, 1.37),
('NR219A', 'LT Điều dưỡng nhi khoa', 1, 2.26),
('NR303B', 'TH Điều dưỡng phục hồi chức năng', 1, 1.27),
('NR310A', 'Lý thuyết điều dưỡng hồi sức cấp cứu', 2, 2.11),
('NR310B', 'TH Điều dưỡng hồi sức cấp cứu', 1, 1.34),
('NR314B', 'TH Điều dưỡng các bệnh truyền nhiễm', 1, 2.31),
('NR321A', 'Lý thuyết điều dưỡng các bệnh nhi khoa', 3, 1.81),
('NR332D', 'TH điều dưỡng các bệnh ngoại khoa 2', 2, 1.97),
('NR342A', 'Lý thuyết điều dưỡng phụ sản', 3, 2.93),
('NR402', 'Quản lý điều dưỡng', 2, 1.88),
('NR415A', 'LT điều dưỡng các bệnh tâm thần', 1, 1.79),
('NR416A', 'Lý thuyết chăm sóc SK người cao tuổi và BN hấp hối', 1, 1.39),
('NR416B', 'Thực hành chăm sóc SK người cao tuổi và BN hấp hối', 1, 2.91),
('NR433', 'Điều dưỡng các bệnh Ngoại khoa nâng cao', 4, 1.9),
('NR451A', 'Lý thuyết điều dưỡng cộng đồng', 1, 2.26),
('PE112', 'Tiếng Anh trong Điều dưỡng 2', 3, 2.41),
('PE113', 'Tiếng Anh trong điều dưỡng 3', 3, 1.5),
('PG102', 'GDTC: Thể dục cổ truyền cơ bản', 1, 2.73),
('PG106', 'GDTC: Bóng bàn cơ bản', 1, 1.51),
('PG113', 'GDTC: Bóng rổ cơ bản', 1, 2.16),
('PG115', 'GDTC: Bóng chuyền cơ bản', 1, 2.03),
('PG118', 'GDTC: Thể dục cơ bản', 1, 1.49),
('PG120', 'Thể dục cơ bản nâng cao', 1, 3),
('PG122', 'GDQP: Đường lối quân sự của Đảng', 1, 2.67),
('PG123', 'GDQP: Công tác quốc phòng - an ninh', 1, 1.03),
('PG124', 'GDQP: Quân sự chung', 1, 1.12),
('PG125', 'GDQP: Kỹ thuật bắn súng', 1, 1.01),
('PG148', 'Gym nâng cao 3', 1, 1.18),
('PH201', 'Đạo đức y học', 2, 1.85),
('PH233', 'Giáo dục và tư vấn sức khỏe', 2, 1.5),
('PH321', 'Dịch tễ học cơ bản và phân loại các bệnh tật', 3, 2.4),
('PS210', 'Tâm lí học du lịch', 3, 2.62),
('SC201', 'Kỹ năng giao tiếp và thuyết trình', 2, 2.66),
('SC218', 'Quản lý chuỗi cung ứng', 3, 1.91),
('SE302', 'Công nghệ phần mềm', 2, 2.19),
('SE312', 'Kiểm thử và đảm bảo chất lượng phần mềm', 3, 2.27),
('SE380', 'Project', 3, 2.88),
('SE422', 'Quản lý dự án phần mềm', 3, 2.12),
('SE487', 'CĐTN: Phát triển phần mềm', 6, 1.47),
('SF320', 'Trị liệu gia đình', 2, 2.54),
('SH113', 'Văn hóa Đông Nam Á', 3, 1.41),
('SK201', 'Phương pháp nghiên cứu trong công tác xã hội', 2, 2.51),
('SK301', 'Công tác xã hội trong bệnh viện', 2, 2.62),
('SK320', 'Quản trị ngành công tác xã hội', 2, 1.01),
('SK336', 'Thực hành công tác xã hội 3', 3, 1.39),
('SK460', 'Thực tập ngành công tác xã hội', 4, 1.65),
('SK499', 'KLTN ngành Công tác xã hội', 6, 2.5),
('SM201', 'Phương pháp luận nghiên cứu khoa học', 3, 1.19),
('SM202', 'Phương pháp nghiên cứu khoa học trong kinh tế', 3, 1.82),
('TC313', 'Kỹ thuật truyền dẫn', 3, 2.81),
('TC418', 'Lập trình nhúng', 2, 2.21),
('TC433', 'Quản lý dự án truyền thông và mạng máy tính', 2, 2.79),
('TC487', 'CĐTN : Truyền thông và mạng máy tính', 6, 1.08),
('TC499', 'KLTN ngành Truyền thông và mạng máy tính', 6, 1.01),
('Test', 'TEST MOON HOC', 1, 2),
('TG200', 'Địa lí du lịch', 3, 1.1),
('TG222', 'Hướng dẫn du lịch', 3, 2.91),
('TM111', 'Phương pháp thu thập thông tin xã hội', 3, 2.85),
('TM212', 'Luật pháp và đạo đức báo chí', 2, 1.81),
('TM412', 'Phóng sự truyền hình', 3, 1.56),
('TR223', 'Bản đồ du lịch', 3, 1.35),
('TR226', 'Điểm tuyến du lịch Việt Nam', 3, 1.71),
('TR231', 'Pháp luật trong kinh doanh du lịch', 2, 1.19),
('TR315', 'Văn hóa du lịch', 3, 1.36),
('TR322', 'Hệ thống di tích và danh thắng Việt Nam', 3, 2.77),
('TR341', 'Du lịch văn hóa', 3, 1.93),
('TR481', 'Thực tập chuyên ngành lữ hành - hướng dẫn', 4, 2.99),
('TR482', 'Thực tập chuyên ngành khách sạn - nhà hàng', 4, 2.68),
('TR484', 'Thực tập tốt nghiệp', 4, 2.69),
('TR494', 'CĐTN: Đánh giá nguồn nhân lực trong du lịch', 3, 1.15),
('TR495', 'CĐTN: Đánh giá chất lượng dịch vụ trong du lịch', 3, 1.46),
('TR499', 'KLTN chuyên ngành Quản trị du lịch', 6, 1.88),
('VC127', 'Địa lý Việt Nam', 3, 1.59),
('VC200', 'Văn hoá Việt Nam', 2, 2.07),
('VC206', 'Ngôn Ngữ Việt Nam', 3, 1.16),
('VC240', 'Nhập môn thư pháp chữ Hán', 3, 1.8),
('VC446', 'CĐTN: Du lịch thế giới', 3, 2.57),
('VL100', 'Ngôn ngữ học đại cương', 2, 1.85),
('VP302', 'Cơ sở truyền thông báo chí', 2, 2.21);

-- --------------------------------------------------------

--
-- Table structure for table `teacher`
--

CREATE TABLE `teacher` (
  `teacher_code` varchar(6) NOT NULL,
  `teacher_name` varchar(150) NOT NULL,
  `password` text NOT NULL,
  `birthday` date DEFAULT NULL,
  `phone_number` varchar(10) DEFAULT NULL,
  `address` varchar(200) DEFAULT NULL
) ENGINE=InnoDB DEFAULT CHARSET=utf8 COLLATE=utf8_general_ci;

--
-- Dumping data for table `teacher`
--

INSERT INTO `teacher` (`teacher_code`, `teacher_name`, `password`, `birthday`, `phone_number`, `address`) VALUES
('', '', 'e10adc3949ba59abbe56e057f20f883e', NULL, NULL, NULL),
('CAN001', 'Trần Thị Ngọc Lan', 'e10adc3949ba59abbe56e057f20f883e', NULL, NULL, NULL),
('CAN002', 'Phạm Đức Thành', 'e10adc3949ba59abbe56e057f20f883e', NULL, NULL, NULL),
('CAN005', 'Ngô Thị Thanh Huyền', 'e10adc3949ba59abbe56e057f20f883e', NULL, NULL, NULL),
('CAN006', 'Nguyễn Đức Toàn', 'e10adc3949ba59abbe56e057f20f883e', NULL, NULL, NULL),
('CAN007', 'Trần Bá Huy', 'e10adc3949ba59abbe56e057f20f883e', NULL, NULL, NULL),
('CAN008', 'Nguyễn Tuấn Linh', 'e10adc3949ba59abbe56e057f20f883e', NULL, NULL, NULL),
('CAN009', 'Nguyễn Như Cường', 'e10adc3949ba59abbe56e057f20f883e', NULL, NULL, NULL),
('CAN010', 'Trần Tuấn Hòa', 'e10adc3949ba59abbe56e057f20f883e', NULL, NULL, NULL),
('CAN011', 'Nguyễn Văn Thái', 'e10adc3949ba59abbe56e057f20f883e', NULL, NULL, NULL),
('CAN013', 'Nguyễn Văn Quang', 'e10adc3949ba59abbe56e057f20f883e', NULL, NULL, NULL),
('CAN015', 'Nguyễn Đình Chúc', 'e10adc3949ba59abbe56e057f20f883e', NULL, NULL, NULL),
('CAN016', 'Phạm Thị Vân Anh', 'e10adc3949ba59abbe56e057f20f883e', NULL, NULL, NULL),
('CDL004', 'Phạm Trần Thăng Long', 'e10adc3949ba59abbe56e057f20f883e', NULL, NULL, NULL),
('CDL005', 'Bùi Cẩm Phượng', 'e10adc3949ba59abbe56e057f20f883e', NULL, NULL, NULL),
('CDL007', 'Phùng Đức Thiện', 'e10adc3949ba59abbe56e057f20f883e', NULL, NULL, NULL),
('CDL011', 'Nguyễn Thị Thanh Hương', 'e10adc3949ba59abbe56e057f20f883e', NULL, NULL, NULL),
('CDL014', 'Tạ Dương Trà My', 'e10adc3949ba59abbe56e057f20f883e', NULL, NULL, NULL),
('CDL015', 'Nguyễn Đức Anh', 'e10adc3949ba59abbe56e057f20f883e', NULL, NULL, NULL),
('CDL016', 'Nguyễn Phi Long', 'e10adc3949ba59abbe56e057f20f883e', NULL, NULL, NULL),
('CE', 'Bộ môn Tiếng Anh', 'e10adc3949ba59abbe56e057f20f883e', NULL, NULL, NULL),
('CGP001', 'Vũ Công Hoan', 'e10adc3949ba59abbe56e057f20f883e', NULL, NULL, NULL),
('CGP002', 'Bùi Văn Phương', 'e10adc3949ba59abbe56e057f20f883e', NULL, NULL, NULL),
('CGP003', 'Phạm Trung Tự', 'e10adc3949ba59abbe56e057f20f883e', NULL, NULL, NULL),
('CGP005', 'Nguyễn Minh Hải', 'e10adc3949ba59abbe56e057f20f883e', NULL, NULL, NULL),
('CGP006', 'Hoàng Đình Hôm', 'e10adc3949ba59abbe56e057f20f883e', NULL, NULL, NULL),
('CGP007', 'Nguyễn Hữu Lăng', 'e10adc3949ba59abbe56e057f20f883e', NULL, NULL, NULL),
('CGP008', 'Vũ Thị Huệ', 'e10adc3949ba59abbe56e057f20f883e', NULL, NULL, NULL),
('CGP009', 'Phạm Thị Trang', 'e10adc3949ba59abbe56e057f20f883e', NULL, NULL, NULL),
('CGP010', 'Vũ Tấn Thành', 'e10adc3949ba59abbe56e057f20f883e', NULL, NULL, NULL),
('CGS001', 'Trần Thảo Nguyên', 'e10adc3949ba59abbe56e057f20f883e', NULL, NULL, NULL),
('CGS004', 'Nguyễn Vũ Lê', 'e10adc3949ba59abbe56e057f20f883e', NULL, NULL, NULL),
('CNE001', 'Trần Thị Phương Thu', 'e10adc3949ba59abbe56e057f20f883e', NULL, NULL, NULL),
('CNE004', 'Trần Thị Hải Bình', 'e10adc3949ba59abbe56e057f20f883e', NULL, NULL, NULL),
('CNE006', 'Nguyễn Thị Kiều Dung', 'e10adc3949ba59abbe56e057f20f883e', NULL, NULL, NULL),
('CNE007', 'Hoàng Thị Thu Dung', 'e10adc3949ba59abbe56e057f20f883e', NULL, NULL, NULL),
('CNE012', 'Hoàng Kim Thúy', 'e10adc3949ba59abbe56e057f20f883e', NULL, NULL, NULL),
('CNE014', 'Phạm Thái Sơn', 'e10adc3949ba59abbe56e057f20f883e', NULL, NULL, NULL),
('CNE015', 'Đỗ Thị Hồng Hà', 'e10adc3949ba59abbe56e057f20f883e', NULL, NULL, NULL),
('CNE017', 'Phí Thị Thu Trang', 'e10adc3949ba59abbe56e057f20f883e', NULL, NULL, NULL),
('CNE018', 'Nguyễn Vân Khánh', 'e10adc3949ba59abbe56e057f20f883e', NULL, NULL, NULL),
('CNE019', 'Lê Thị Tuyền', 'e10adc3949ba59abbe56e057f20f883e', NULL, NULL, NULL),
('CNE022', 'Trần Thị Phượng', 'e10adc3949ba59abbe56e057f20f883e', NULL, NULL, NULL),
('CNE028', 'Mai Lan', 'e10adc3949ba59abbe56e057f20f883e', NULL, NULL, NULL),
('CNE040', 'Phạm Hoàng Uyên', 'e10adc3949ba59abbe56e057f20f883e', NULL, NULL, NULL),
('CNE041', 'Nguyễn Thị Kim Phương', 'e10adc3949ba59abbe56e057f20f883e', NULL, NULL, NULL),
('CNE045', 'Ngô Cẩm Tú', 'e10adc3949ba59abbe56e057f20f883e', NULL, NULL, NULL),
('CNE047', 'Ngô Thị Minh Trang', 'e10adc3949ba59abbe56e057f20f883e', NULL, NULL, NULL),
('CNE051', 'Trần Thị Mai Phương', 'e10adc3949ba59abbe56e057f20f883e', NULL, NULL, NULL),
('CNE052', 'Nguyễn Minh Lý', 'e10adc3949ba59abbe56e057f20f883e', NULL, NULL, NULL),
('CNE053', 'Hoàng Mai Phương', 'e10adc3949ba59abbe56e057f20f883e', NULL, NULL, NULL),
('CNE055', 'Mai Xuân Thể', 'e10adc3949ba59abbe56e057f20f883e', NULL, NULL, NULL),
('CNE068', 'Phạm Ngọc Anh', 'e10adc3949ba59abbe56e057f20f883e', NULL, NULL, NULL),
('CNE073', 'Đào Tạ Hoàng Dương', 'e10adc3949ba59abbe56e057f20f883e', NULL, NULL, NULL),
('CNE074', 'Nguyễn Phương Thảo', 'e10adc3949ba59abbe56e057f20f883e', NULL, NULL, NULL),
('CNE075', 'Nguyễn Thảo Phương', 'e10adc3949ba59abbe56e057f20f883e', NULL, NULL, NULL),
('CNE077', 'Nguyễn Ngọc Quỳnh', 'e10adc3949ba59abbe56e057f20f883e', NULL, NULL, NULL),
('CNE078', 'Đinh Thanh Thủy', 'e10adc3949ba59abbe56e057f20f883e', NULL, NULL, NULL),
('CNE079', 'Nguyễn Thục Trinh', 'e10adc3949ba59abbe56e057f20f883e', NULL, NULL, NULL),
('CNE080', 'Trần Vũ Đăng', 'e10adc3949ba59abbe56e057f20f883e', NULL, NULL, NULL),
('CNE081', 'Nguyễn Hữu Thái', 'e10adc3949ba59abbe56e057f20f883e', NULL, NULL, NULL),
('CNE082', 'Nguyễn Thị Thúy', 'e10adc3949ba59abbe56e057f20f883e', NULL, NULL, NULL),
('CNE084', 'Bùi Thị Hà', 'e10adc3949ba59abbe56e057f20f883e', NULL, NULL, NULL),
('CNE086', 'Nguyễn Hà Phương', 'e10adc3949ba59abbe56e057f20f883e', NULL, NULL, NULL),
('CNE087', 'Bùi Việt Vương', 'e10adc3949ba59abbe56e057f20f883e', NULL, NULL, NULL),
('CNE088', 'Bùi Thị Hà Tú', 'e10adc3949ba59abbe56e057f20f883e', NULL, NULL, NULL),
('CNE089', 'Trần Thảo Trang', 'e10adc3949ba59abbe56e057f20f883e', NULL, NULL, NULL),
('CNF001', 'Phan Thị Liên Châu', 'e10adc3949ba59abbe56e057f20f883e', NULL, NULL, NULL),
('CNF004', 'Võ Thị Hải Đường', 'e10adc3949ba59abbe56e057f20f883e', NULL, NULL, NULL),
('CNF005', 'Dương Viết Trung', 'e10adc3949ba59abbe56e057f20f883e', NULL, NULL, NULL),
('CNJ003', 'Vũ Thị Kim Chi', 'e10adc3949ba59abbe56e057f20f883e', NULL, NULL, NULL),
('CNJ004', 'Đặng Thị Minh', 'e10adc3949ba59abbe56e057f20f883e', NULL, NULL, NULL),
('CNJ005', 'Hoàng Thị Hường', 'e10adc3949ba59abbe56e057f20f883e', NULL, NULL, NULL),
('CNJ007', 'Trương Phương Thúy', 'e10adc3949ba59abbe56e057f20f883e', NULL, NULL, NULL),
('CNJ008', 'Nguyễn Thùy Linh', 'e10adc3949ba59abbe56e057f20f883e', NULL, NULL, NULL),
('CNJ018', 'Hứa Thùy Trang', 'e10adc3949ba59abbe56e057f20f883e', NULL, NULL, NULL),
('CNJ021', 'Nguyễn Huyền Ngọc', 'e10adc3949ba59abbe56e057f20f883e', NULL, NULL, NULL),
('CNJ025', 'Vũ Thị Thu Hương', 'e10adc3949ba59abbe56e057f20f883e', NULL, NULL, NULL),
('CNJ034', 'Nguyễn Thùy Linh', 'e10adc3949ba59abbe56e057f20f883e', NULL, NULL, NULL),
('CNJ035', 'Trần Thị Lan Hương', 'e10adc3949ba59abbe56e057f20f883e', NULL, NULL, NULL),
('CNJ036', 'Đinh Huyền Phương', 'e10adc3949ba59abbe56e057f20f883e', NULL, NULL, NULL),
('CNJ039', 'Nabeta Naoko', 'e10adc3949ba59abbe56e057f20f883e', NULL, NULL, NULL),
('CNJ041', 'Nguyễn Nhật Nam', 'e10adc3949ba59abbe56e057f20f883e', NULL, NULL, NULL),
('CNK003', 'Đinh Mai Thu Thủy', 'e10adc3949ba59abbe56e057f20f883e', NULL, NULL, NULL),
('CNK005', 'Vương Thị Năm', 'e10adc3949ba59abbe56e057f20f883e', NULL, NULL, NULL),
('CNK012', 'Nguyễn Thị Tô Vân', 'e10adc3949ba59abbe56e057f20f883e', NULL, NULL, NULL),
('CNK013', 'Hoàng Thị Thanh Hoa', 'e10adc3949ba59abbe56e057f20f883e', NULL, NULL, NULL),
('CNK016', 'Đặng Thu Trang', 'e10adc3949ba59abbe56e057f20f883e', NULL, NULL, NULL),
('CNK022', 'Nguyễn Thu Trang', 'e10adc3949ba59abbe56e057f20f883e', NULL, NULL, NULL),
('CNK027', 'Dương Thị Hải Ngọc', 'e10adc3949ba59abbe56e057f20f883e', NULL, NULL, NULL),
('CNZ001', 'Lý Hoàng Anh', 'e10adc3949ba59abbe56e057f20f883e', NULL, NULL, NULL),
('CNZ002', 'Nguyễn Thị Trung Thu', 'e10adc3949ba59abbe56e057f20f883e', NULL, NULL, NULL),
('CNZ004', 'Nguyễn Thùy Linh', 'e10adc3949ba59abbe56e057f20f883e', NULL, NULL, NULL),
('CNZ005', 'Nguyễn Lê Minh', 'e10adc3949ba59abbe56e057f20f883e', NULL, NULL, NULL),
('CNZ008', 'Nguyễn Văn Minh', 'e10adc3949ba59abbe56e057f20f883e', NULL, NULL, NULL),
('CNZ010', 'Vũ Hoàng Liên', 'e10adc3949ba59abbe56e057f20f883e', NULL, NULL, NULL),
('CNZ011', 'Vũ Thị Kiều Trang', 'e10adc3949ba59abbe56e057f20f883e', NULL, NULL, NULL),
('CQA002', 'Nguyễn Thanh Huyền', 'e10adc3949ba59abbe56e057f20f883e', NULL, NULL, NULL),
('CQA007', 'Nguyễn Thu Hoài', 'e10adc3949ba59abbe56e057f20f883e', NULL, NULL, NULL),
('CQA010', 'Nguyễn Thị Hồng Anh', 'e10adc3949ba59abbe56e057f20f883e', NULL, NULL, NULL),
('CQA012', 'Nguyễn Trung Thùy Linh', 'e10adc3949ba59abbe56e057f20f883e', NULL, NULL, NULL),
('CQB001', 'Ngô Thị Quyên', 'e10adc3949ba59abbe56e057f20f883e', NULL, NULL, NULL),
('CQB002', 'Ngô Khánh Huyền', 'e10adc3949ba59abbe56e057f20f883e', NULL, NULL, NULL),
('CQB005', 'Nguyễn Thị Thúy', 'e10adc3949ba59abbe56e057f20f883e', NULL, NULL, NULL),
('CQB006', 'Phạm Thị Bảo Oanh', 'e10adc3949ba59abbe56e057f20f883e', NULL, NULL, NULL),
('CQB007', 'Lê Thị Hà Thu', 'e10adc3949ba59abbe56e057f20f883e', NULL, NULL, NULL),
('CQB010', 'Chu Thị Thu Thủy', 'e10adc3949ba59abbe56e057f20f883e', NULL, NULL, NULL),
('CQB015', 'Nguyễn Hồng Nga', 'e10adc3949ba59abbe56e057f20f883e', NULL, NULL, NULL),
('CQB017', 'Đỗ Trường Sơn', 'e10adc3949ba59abbe56e057f20f883e', NULL, NULL, NULL),
('CQB019', 'Lê Thanh Nhàn', 'e10adc3949ba59abbe56e057f20f883e', NULL, NULL, NULL),
('CQB022', 'Nguyễn Thị Tuyết', 'e10adc3949ba59abbe56e057f20f883e', NULL, NULL, NULL),
('CQB024', 'Nguyễn Thị Thu Trang', 'e10adc3949ba59abbe56e057f20f883e', NULL, NULL, NULL),
('CQE001', 'Trần Thị Thùy Linh', 'e10adc3949ba59abbe56e057f20f883e', NULL, NULL, NULL),
('CQE002', 'Nguyễn Phương Mai', 'e10adc3949ba59abbe56e057f20f883e', NULL, NULL, NULL),
('CQE004', 'Lê Thị Kim Chung', 'e10adc3949ba59abbe56e057f20f883e', NULL, NULL, NULL),
('CQE005', 'Nguyễn Thị Thanh Thảo', 'e10adc3949ba59abbe56e057f20f883e', NULL, NULL, NULL),
('CQE008', 'Vũ Đức Hiếu', 'e10adc3949ba59abbe56e057f20f883e', NULL, NULL, NULL),
('CQE019', 'Nguyễn Thị Phương', 'e10adc3949ba59abbe56e057f20f883e', NULL, NULL, NULL),
('CQE021', 'Lê Việt Đức', 'e10adc3949ba59abbe56e057f20f883e', NULL, NULL, NULL),
('CQL003', 'Nguyễn Thị Vân Nga', 'e10adc3949ba59abbe56e057f20f883e', NULL, NULL, NULL),
('CQL004', 'Nguyễn Thanh Thủy', 'e10adc3949ba59abbe56e057f20f883e', NULL, NULL, NULL),
('CQL005', 'Trần Văn Vinh', 'e10adc3949ba59abbe56e057f20f883e', NULL, NULL, NULL),
('CQM001', 'Vũ Lệ Hằng', 'e10adc3949ba59abbe56e057f20f883e', NULL, NULL, NULL),
('CQM004', 'Vương Thị Thanh Trì', 'e10adc3949ba59abbe56e057f20f883e', NULL, NULL, NULL),
('CQM008', 'Lê Thị Hạnh', 'e10adc3949ba59abbe56e057f20f883e', NULL, NULL, NULL),
('CQM009', 'Nguyễn Bảo Tuấn', 'e10adc3949ba59abbe56e057f20f883e', NULL, NULL, NULL),
('CQM010', 'Nguyễn Thị Thùy Trang', 'e10adc3949ba59abbe56e057f20f883e', NULL, NULL, NULL),
('CQM011', 'Lê Huyền Trang', 'e10adc3949ba59abbe56e057f20f883e', NULL, NULL, NULL),
('CQM014', 'Nguyễn Thị Liên Hương', 'e10adc3949ba59abbe56e057f20f883e', NULL, NULL, NULL),
('CQM016', 'Nguyễn Tường Minh', 'e10adc3949ba59abbe56e057f20f883e', NULL, NULL, NULL),
('CSD001', 'Phạm Duy Tường', 'e10adc3949ba59abbe56e057f20f883e', NULL, NULL, NULL),
('CSN001', 'Hà Thị Huyền', 'e10adc3949ba59abbe56e057f20f883e', NULL, NULL, NULL),
('CSN003', 'Nguyễn Thị Như Mai', 'e10adc3949ba59abbe56e057f20f883e', NULL, NULL, NULL),
('CSN006', 'Đỗ Quang Tuyển', 'e10adc3949ba59abbe56e057f20f883e', NULL, NULL, NULL),
('CSN011', 'Lê Thị Bình', 'e10adc3949ba59abbe56e057f20f883e', NULL, NULL, NULL),
('CSN012', 'Vũ Dũng', 'e10adc3949ba59abbe56e057f20f883e', NULL, NULL, NULL),
('CSN017', 'Lê Đức Sang', 'e10adc3949ba59abbe56e057f20f883e', NULL, NULL, NULL),
('CSN020', 'Phạm Thành Đồng', 'e10adc3949ba59abbe56e057f20f883e', NULL, NULL, NULL),
('CSN021', 'Nguyễn Thị Thùy Trang', 'e10adc3949ba59abbe56e057f20f883e', NULL, NULL, NULL),
('CSN022', 'Thái Thị Thanh Huyền', 'e10adc3949ba59abbe56e057f20f883e', NULL, NULL, NULL),
('CSN030', 'Nguyễn Khánh Huyền', 'e10adc3949ba59abbe56e057f20f883e', NULL, NULL, NULL),
('CSN031', 'Hoàng Thị Thanh', 'e10adc3949ba59abbe56e057f20f883e', NULL, NULL, NULL),
('CSN062', 'Trần Quang Huy', 'e10adc3949ba59abbe56e057f20f883e', NULL, NULL, NULL),
('CTI003', 'Phạm Thị Kim Hoa', 'e10adc3949ba59abbe56e057f20f883e', NULL, NULL, NULL),
('CTI005', 'Trần Tuấn Toàn', 'e10adc3949ba59abbe56e057f20f883e', NULL, NULL, NULL),
('CTI010', 'Nguyễn Mạnh Hùng', 'e10adc3949ba59abbe56e057f20f883e', NULL, NULL, NULL),
('CTI011', 'Nguyễn Đức Dân', 'e10adc3949ba59abbe56e057f20f883e', NULL, NULL, NULL),
('CTI014', 'Trần Thị Huệ', 'e10adc3949ba59abbe56e057f20f883e', NULL, NULL, NULL),
('CTI015', 'Đinh Thu Khánh', 'e10adc3949ba59abbe56e057f20f883e', NULL, NULL, NULL),
('CTI018', 'Phạm Phương Thanh', 'e10adc3949ba59abbe56e057f20f883e', NULL, NULL, NULL),
('CTI019', 'Trần Quang Duy', 'e10adc3949ba59abbe56e057f20f883e', NULL, NULL, NULL),
('CTI022', 'Cao Kim Ánh', 'e10adc3949ba59abbe56e057f20f883e', NULL, NULL, NULL),
('CTI024', 'Vũ Như Lân', 'e10adc3949ba59abbe56e057f20f883e', NULL, NULL, NULL),
('CTI029', 'Nguyễn Hoàng Phương', 'e10adc3949ba59abbe56e057f20f883e', NULL, NULL, NULL),
('CTI030', 'Hoàng Trọng Minh', 'e10adc3949ba59abbe56e057f20f883e', NULL, NULL, NULL),
('CTI035', 'Bùi Trường Giang', 'e10adc3949ba59abbe56e057f20f883e', NULL, NULL, NULL),
('CTI038', 'Nguyễn Hà Thanh', 'e10adc3949ba59abbe56e057f20f883e', NULL, NULL, NULL),
('CTI039', 'Đinh Thị Thu Ngọc', 'e10adc3949ba59abbe56e057f20f883e', NULL, NULL, NULL),
('CTI040', 'Nguyễn Mạnh Hùng', 'e10adc3949ba59abbe56e057f20f883e', NULL, NULL, NULL),
('CTI041', 'Nguyễn Tú Anh', 'e10adc3949ba59abbe56e057f20f883e', NULL, NULL, NULL),
('CTM003', 'Bùi Huy Hiền', 'e10adc3949ba59abbe56e057f20f883e', NULL, NULL, NULL),
('CTM004', 'Nguyễn Hồng Châu', 'e10adc3949ba59abbe56e057f20f883e', NULL, NULL, NULL),
('CTM005', 'Nguyễn Thị Nhung', 'e10adc3949ba59abbe56e057f20f883e', NULL, NULL, NULL),
('CTM006', 'Ngô Thị Thanh Nga', 'e10adc3949ba59abbe56e057f20f883e', NULL, NULL, NULL),
('CTM007', 'Phan Thanh Hồng', 'e10adc3949ba59abbe56e057f20f883e', NULL, NULL, NULL),
('CTM008', 'Nguyễn Lâm Tùng', 'e10adc3949ba59abbe56e057f20f883e', NULL, NULL, NULL),
('CTM009', 'Đỗ Thị Thuý Hằng', 'e10adc3949ba59abbe56e057f20f883e', NULL, NULL, NULL),
('CTM010', 'Hoàng Ngọc Tùng', 'e10adc3949ba59abbe56e057f20f883e', NULL, NULL, NULL),
('CTM011', 'Dương Thị Hương', 'e10adc3949ba59abbe56e057f20f883e', NULL, NULL, NULL),
('CTM012', 'Trần Minh Nguyệt', 'e10adc3949ba59abbe56e057f20f883e', NULL, NULL, NULL),
('CTM013', 'Nhâm Ngọc Tần', 'e10adc3949ba59abbe56e057f20f883e', NULL, NULL, NULL),
('CTM016', 'Lê Thị Yên Hồng', 'e10adc3949ba59abbe56e057f20f883e', NULL, NULL, NULL),
('CTM021', 'Nguyễn Công Sứ', 'e10adc3949ba59abbe56e057f20f883e', NULL, NULL, NULL),
('CTM024', 'Nguyễn Quốc Tuấn', 'e10adc3949ba59abbe56e057f20f883e', NULL, NULL, NULL),
('CTM039', 'Trần Lê Nhật Minh', 'e10adc3949ba59abbe56e057f20f883e', NULL, NULL, NULL),
('CTM040', 'Phan Ngọc Minh', 'e10adc3949ba59abbe56e057f20f883e', NULL, NULL, NULL),
('CVE003', 'Ueda Shinya', 'e10adc3949ba59abbe56e057f20f883e', NULL, NULL, NULL),
('CVT008', 'Nguyễn Hồng Đức', 'e10adc3949ba59abbe56e057f20f883e', NULL, NULL, NULL),
('CXC001', 'Vũ Thị Thanh Nhàn', 'e10adc3949ba59abbe56e057f20f883e', NULL, NULL, NULL),
('CXC002', 'Phạm Bích San', 'e10adc3949ba59abbe56e057f20f883e', NULL, NULL, NULL),
('CXC003', 'Trần Bá Dung', 'e10adc3949ba59abbe56e057f20f883e', NULL, NULL, NULL),
('CXC004', 'Nguyễn Văn Thiệu', 'e10adc3949ba59abbe56e057f20f883e', NULL, NULL, NULL),
('CXC006', 'Trần Thị Thùy Dương', 'e10adc3949ba59abbe56e057f20f883e', NULL, NULL, NULL),
('CXC008', 'Hồ Xuân Ngọc', 'e10adc3949ba59abbe56e057f20f883e', NULL, NULL, NULL),
('CXL006', 'Nguyễn Đình Tài', 'e10adc3949ba59abbe56e057f20f883e', NULL, NULL, NULL),
('CXL010', 'Trần Thị Thu Hà', 'e10adc3949ba59abbe56e057f20f883e', NULL, NULL, NULL),
('CXL016', 'Phùng Vũ Hiệp', 'e10adc3949ba59abbe56e057f20f883e', NULL, NULL, NULL),
('CXL017', 'Lê Minh Toàn', 'e10adc3949ba59abbe56e057f20f883e', NULL, NULL, NULL),
('CXV003', 'Trần Tiến Khôi', 'e10adc3949ba59abbe56e057f20f883e', NULL, NULL, NULL),
('CXV015', 'Vũ Linh Chi', 'e10adc3949ba59abbe56e057f20f883e', NULL, NULL, NULL),
('CXV016', 'Nguyễn Cảnh Toàn', 'e10adc3949ba59abbe56e057f20f883e', NULL, NULL, NULL),
('CXW004', 'Nguyễn Thị Bùi Thành', 'e10adc3949ba59abbe56e057f20f883e', NULL, NULL, NULL),
('CXW005', 'Đặng Cảnh Khanh', 'e10adc3949ba59abbe56e057f20f883e', NULL, NULL, NULL),
('CXW013', 'Lê Thị Quý', 'e10adc3949ba59abbe56e057f20f883e', NULL, NULL, NULL),
('CXW016', 'Nguyễn Thị Kim Dung', 'e10adc3949ba59abbe56e057f20f883e', NULL, NULL, NULL),
('CXW022', 'Nguyễn Thị Hải', 'e10adc3949ba59abbe56e057f20f883e', NULL, NULL, NULL),
('CXW032', 'Trần Hoàng Thị Diễm Ngọc', 'e10adc3949ba59abbe56e057f20f883e', NULL, NULL, NULL),
('CXW034', 'Trần Tú Hoa', 'e10adc3949ba59abbe56e057f20f883e', NULL, NULL, NULL),
('CXW035', 'Ngô Thị Trang', 'e10adc3949ba59abbe56e057f20f883e', NULL, NULL, NULL),
('MAN003', 'Phạm Thanh Hà', 'e10adc3949ba59abbe56e057f20f883e', NULL, NULL, NULL),
('MAN005', 'Lưu Quang Minh', 'e10adc3949ba59abbe56e057f20f883e', NULL, NULL, NULL),
('MAN006', 'Đoàn Thị Thúy Trang', 'e10adc3949ba59abbe56e057f20f883e', NULL, NULL, NULL),
('MAN007', 'Nguyễn Văn Thuấn', 'e10adc3949ba59abbe56e057f20f883e', NULL, NULL, NULL),
('MAN013', 'Cao Sỹ Anh Tùng', 'e10adc3949ba59abbe56e057f20f883e', NULL, NULL, NULL),
('MAN014', 'Nguyễn Quang Linh', 'e10adc3949ba59abbe56e057f20f883e', NULL, NULL, NULL),
('MAN015', 'Tạ Thị Định', 'e10adc3949ba59abbe56e057f20f883e', NULL, NULL, NULL),
('MAN016', 'Hoàng Bích Hà', 'e10adc3949ba59abbe56e057f20f883e', NULL, NULL, NULL),
('MAN017', 'Nguyễn Hoàng Anh Minh', 'e10adc3949ba59abbe56e057f20f883e', NULL, NULL, NULL),
('MAN019', 'Phạm Văn Giáp', 'e10adc3949ba59abbe56e057f20f883e', NULL, NULL, NULL),
('MAN023', 'Vũ Tú Cầu', 'e10adc3949ba59abbe56e057f20f883e', NULL, NULL, NULL),
('MAN024', 'Nguyễn Thị Hiền', 'e10adc3949ba59abbe56e057f20f883e', NULL, NULL, NULL),
('MDL001', 'Trần Quốc Hưng', 'e10adc3949ba59abbe56e057f20f883e', NULL, NULL, NULL),
('MDL007', 'Trần Thu Nga', 'e10adc3949ba59abbe56e057f20f883e', NULL, NULL, NULL),
('MDL021', 'Nguyễn Thị Mỹ Hạnh', 'e10adc3949ba59abbe56e057f20f883e', NULL, NULL, NULL),
('MDL026', 'Nguyễn Nhiên Hương', 'e10adc3949ba59abbe56e057f20f883e', NULL, NULL, NULL),
('MDL028', 'Nguyễn Ngọc Anh', 'e10adc3949ba59abbe56e057f20f883e', NULL, NULL, NULL),
('MDL031', 'Ngô Quang Duy', 'e10adc3949ba59abbe56e057f20f883e', NULL, NULL, NULL),
('MGS028', 'Bùi Thị Hồng Thúy', 'e10adc3949ba59abbe56e057f20f883e', NULL, NULL, NULL),
('MNE024', 'Nguyễn Thu Hiền', 'e10adc3949ba59abbe56e057f20f883e', NULL, NULL, NULL),
('MNE050', 'Lê Thị Dung', 'e10adc3949ba59abbe56e057f20f883e', NULL, NULL, NULL),
('MNE072', 'Nguyễn Thị Tình', 'e10adc3949ba59abbe56e057f20f883e', NULL, NULL, NULL),
('MNE079', 'Nguyễn Thị Phương Nam', 'e10adc3949ba59abbe56e057f20f883e', NULL, NULL, NULL),
('MNE084', 'Vũ Thị Bích Thủy', 'e10adc3949ba59abbe56e057f20f883e', NULL, NULL, NULL),
('MNE088', 'Bùi Thị Hà', 'e10adc3949ba59abbe56e057f20f883e', NULL, NULL, NULL),
('MNF006', 'Trương Thị Nguyệt', 'e10adc3949ba59abbe56e057f20f883e', NULL, NULL, NULL),
('MNK006', 'Yang Jae Sik', 'e10adc3949ba59abbe56e057f20f883e', NULL, NULL, NULL),
('MNK028', 'Kim So Yeon', 'e10adc3949ba59abbe56e057f20f883e', NULL, NULL, NULL),
('MTI024', 'Hà Thị Thu Lan', 'e10adc3949ba59abbe56e057f20f883e', NULL, NULL, NULL),
('MTI036', 'Trần Mạnh Trường', 'e10adc3949ba59abbe56e057f20f883e', NULL, NULL, NULL),
('MTI037', 'Hoàng Thị Thu', 'e10adc3949ba59abbe56e057f20f883e', NULL, NULL, NULL),
('MTI038', 'Đinh Thị Nhung', 'e10adc3949ba59abbe56e057f20f883e', NULL, NULL, NULL),
('MTI043', 'Nguyễn Ngọc Tân', 'e10adc3949ba59abbe56e057f20f883e', NULL, NULL, NULL),
('MTI044', 'Đậu Hải Phong', 'e10adc3949ba59abbe56e057f20f883e', NULL, NULL, NULL),
('MTI047', 'Dương Văn Lạc', 'e10adc3949ba59abbe56e057f20f883e', NULL, NULL, NULL),
('MTI049', 'Vũ Minh Hoàng', 'e10adc3949ba59abbe56e057f20f883e', NULL, NULL, NULL),
('MTI050', 'Trần Sơn Tùng', 'e10adc3949ba59abbe56e057f20f883e', NULL, NULL, NULL),
('MTI051', 'Mai Thúy Nga', 'e10adc3949ba59abbe56e057f20f883e', NULL, NULL, NULL),
('MTI052', 'Nguyễn Quang Hưng', 'e10adc3949ba59abbe56e057f20f883e', NULL, NULL, NULL),
('MTI999', 'Nguyễn Đình Hóa', 'e10adc3949ba59abbe56e057f20f883e', NULL, NULL, NULL),
('MXC002', 'Phạm Hoài Thanh', 'e10adc3949ba59abbe56e057f20f883e', NULL, NULL, NULL),
('MXC008', 'Hoàng Hải Yến', 'e10adc3949ba59abbe56e057f20f883e', NULL, NULL, NULL),
('MXC009', 'Ngô Huy Hoàng', 'e10adc3949ba59abbe56e057f20f883e', NULL, NULL, NULL),
('MXC013', 'Vũ Tuấn Tú', 'e10adc3949ba59abbe56e057f20f883e', NULL, NULL, NULL),
('MXC016', 'Nguyễn Mạnh Tường', 'e10adc3949ba59abbe56e057f20f883e', NULL, NULL, NULL),
('MXC018', 'Phan Thành Hưng', 'e10adc3949ba59abbe56e057f20f883e', NULL, NULL, NULL),
('MXC022', 'Trần Quốc Trung', 'e10adc3949ba59abbe56e057f20f883e', NULL, NULL, NULL),
('MXC024', 'Nguyễn Minh Hải', 'e10adc3949ba59abbe56e057f20f883e', NULL, NULL, NULL),
('MXL008', 'Phạm Thị Giang Thu', 'e10adc3949ba59abbe56e057f20f883e', NULL, NULL, NULL),
('MXL013', 'Nguyễn Thị Mùi', 'e10adc3949ba59abbe56e057f20f883e', NULL, NULL, NULL),
('MXL016', 'Phùng Thị Phương Thảo', 'e10adc3949ba59abbe56e057f20f883e', NULL, NULL, NULL),
('MXL023', 'Nguyễn Thị Huyền Trang', 'e10adc3949ba59abbe56e057f20f883e', NULL, NULL, NULL),
('MXL024', 'Nguyễn Đức Tùng', 'e10adc3949ba59abbe56e057f20f883e', NULL, NULL, NULL),
('MXL025', 'Nguyễn Thị Thúy Hằng', 'e10adc3949ba59abbe56e057f20f883e', NULL, NULL, NULL),
('MXV029', 'Lê Thanh Kim', 'e10adc3949ba59abbe56e057f20f883e', NULL, NULL, NULL),
('MXV047', 'Nguyễn Đình Phúc', 'e10adc3949ba59abbe56e057f20f883e', NULL, NULL, NULL),
('MXV051', 'Nguyễn Song Tùng', 'e10adc3949ba59abbe56e057f20f883e', NULL, NULL, NULL),
('MXV052', 'Vũ Kim Chi', 'e10adc3949ba59abbe56e057f20f883e', NULL, NULL, NULL),
('PAI001', 'Nguyễn Thị Huyền Châu', 'e10adc3949ba59abbe56e057f20f883e', NULL, NULL, NULL),
('PAI005', 'Hồ Hồng Trường', 'e10adc3949ba59abbe56e057f20f883e', NULL, NULL, NULL),
('PAI006', 'Đinh Thị Thúy', 'e10adc3949ba59abbe56e057f20f883e', NULL, NULL, NULL),
('PAI007', 'Đoàn Trung Phong', 'e10adc3949ba59abbe56e057f20f883e', NULL, NULL, NULL),
('PCC009', 'Huỳnh Tuấn Dũng', 'e10adc3949ba59abbe56e057f20f883e', NULL, NULL, NULL),
('PCC013', 'Phạm Hồng Đức', 'e10adc3949ba59abbe56e057f20f883e', NULL, NULL, NULL),
('PEL001', 'Hà Thu Giang', 'e10adc3949ba59abbe56e057f20f883e', NULL, NULL, NULL),
('PEL002', 'Đoàn Ngọc Đạt', 'e10adc3949ba59abbe56e057f20f883e', NULL, NULL, NULL),
('PSV030', 'Hà Minh Trang', 'e10adc3949ba59abbe56e057f20f883e', NULL, NULL, NULL);

-- --------------------------------------------------------

--
-- Table structure for table `tuition`
--

CREATE TABLE `tuition` (
  `tuition_id` int(11) NOT NULL,
  `student_code` varchar(6) DEFAULT NULL,
  `semester_id` int(11) NOT NULL,
  `status` varchar(40) DEFAULT 'CHUA_THU_TAM_LUU',
  `date_create` datetime NOT NULL DEFAULT current_timestamp(),
  `date_payment` date DEFAULT NULL
) ENGINE=InnoDB DEFAULT CHARSET=utf8 COLLATE=utf8_general_ci;

--
-- Dumping data for table `tuition`
--

INSERT INTO `tuition` (`tuition_id`, `student_code`, `semester_id`, `status`, `date_create`, `date_payment`) VALUES
(1, 'A41603', 1, 'CHUA_THU_TAM_LUU', '2023-10-18 15:19:17', NULL),
(2, 'A43030', 1, 'CHUA_THU_TAM_LUU', '2023-10-18 15:19:17', NULL);

-- --------------------------------------------------------

--
-- Table structure for table `tuition_detail`
--

CREATE TABLE `tuition_detail` (
  `tuition_id` int(11) NOT NULL,
  `subject_code` varchar(8) NOT NULL,
  `credits` int(11) NOT NULL,
  `coef` double NOT NULL
) ENGINE=InnoDB DEFAULT CHARSET=utf8 COLLATE=utf8_general_ci;

--
-- Dumping data for table `tuition_detail`
--

INSERT INTO `tuition_detail` (`tuition_id`, `subject_code`, `credits`, `coef`) VALUES
(1, 'AD216', 3, 1.94),
(1, 'AD240', 3, 2.23),
(1, 'AC201', 3, 2.58),
(1, 'AD213', 3, 2.63),
(2, 'AD216', 3, 1.94);

--
-- Indexes for dumped tables
--

--
-- Indexes for table `classroom`
--
ALTER TABLE `classroom`
  ADD PRIMARY KEY (`classroom_code`),
  ADD KEY `major_code` (`major_code`),
  ADD KEY `consultant` (`consultant`);

--
-- Indexes for table `enroll`
--
ALTER TABLE `enroll`
  ADD PRIMARY KEY (`id`),
  ADD KEY `student_code` (`student_code`),
  ADD KEY `schedule_id` (`schedule_id`);

--
-- Indexes for table `group`
--
ALTER TABLE `group`
  ADD PRIMARY KEY (`id_group`);

--
-- Indexes for table `major`
--
ALTER TABLE `major`
  ADD PRIMARY KEY (`major_code`);

--
-- Indexes for table `major_teacher`
--
ALTER TABLE `major_teacher`
  ADD PRIMARY KEY (`major_code`,`teacher_code`),
  ADD KEY `teacher_code` (`teacher_code`);

--
-- Indexes for table `schedule`
--
ALTER TABLE `schedule`
  ADD PRIMARY KEY (`id`),
  ADD KEY `semester_id` (`semester_id`),
  ADD KEY `subject_code` (`subject_code`),
  ADD KEY `schedule_ibfk_3` (`teacher_code`);

--
-- Indexes for table `semester`
--
ALTER TABLE `semester`
  ADD PRIMARY KEY (`semester_id`),
  ADD KEY `id_group` (`id_group`);

--
-- Indexes for table `staff`
--
ALTER TABLE `staff`
  ADD PRIMARY KEY (`staff_code`);

--
-- Indexes for table `student`
--
ALTER TABLE `student`
  ADD PRIMARY KEY (`student_code`),
  ADD KEY `class_room_code` (`classroom_code`);

--
-- Indexes for table `subject`
--
ALTER TABLE `subject`
  ADD PRIMARY KEY (`subject_code`);

--
-- Indexes for table `teacher`
--
ALTER TABLE `teacher`
  ADD PRIMARY KEY (`teacher_code`);

--
-- Indexes for table `tuition`
--
ALTER TABLE `tuition`
  ADD PRIMARY KEY (`tuition_id`),
  ADD KEY `student_code` (`student_code`),
  ADD KEY `semester_id` (`semester_id`);

--
-- Indexes for table `tuition_detail`
--
ALTER TABLE `tuition_detail`
  ADD KEY `subject_code` (`subject_code`),
  ADD KEY `tuition_id` (`tuition_id`);

--
-- AUTO_INCREMENT for dumped tables
--

--
-- AUTO_INCREMENT for table `enroll`
--
ALTER TABLE `enroll`
  MODIFY `id` int(11) NOT NULL AUTO_INCREMENT, AUTO_INCREMENT=14;

--
-- AUTO_INCREMENT for table `group`
--
ALTER TABLE `group`
  MODIFY `id_group` int(11) NOT NULL AUTO_INCREMENT;

--
-- AUTO_INCREMENT for table `schedule`
--
ALTER TABLE `schedule`
  MODIFY `id` int(11) NOT NULL AUTO_INCREMENT, AUTO_INCREMENT=1408;

--
-- AUTO_INCREMENT for table `semester`
--
ALTER TABLE `semester`
  MODIFY `semester_id` int(11) NOT NULL AUTO_INCREMENT, AUTO_INCREMENT=2;

--
-- AUTO_INCREMENT for table `tuition`
--
ALTER TABLE `tuition`
  MODIFY `tuition_id` int(11) NOT NULL AUTO_INCREMENT, AUTO_INCREMENT=3;

--
-- Constraints for dumped tables
--

--
-- Constraints for table `classroom`
--
ALTER TABLE `classroom`
  ADD CONSTRAINT `classroom_ibfk_1` FOREIGN KEY (`major_code`) REFERENCES `major` (`major_code`),
  ADD CONSTRAINT `classroom_ibfk_2` FOREIGN KEY (`consultant`) REFERENCES `teacher` (`teacher_code`);

--
-- Constraints for table `enroll`
--
ALTER TABLE `enroll`
  ADD CONSTRAINT `enroll_ibfk_1` FOREIGN KEY (`student_code`) REFERENCES `student` (`student_code`),
  ADD CONSTRAINT `enroll_ibfk_2` FOREIGN KEY (`schedule_id`) REFERENCES `schedule` (`id`);

--
-- Constraints for table `major_teacher`
--
ALTER TABLE `major_teacher`
  ADD CONSTRAINT `major_teacher_ibfk_1` FOREIGN KEY (`major_code`) REFERENCES `major` (`major_code`),
  ADD CONSTRAINT `major_teacher_ibfk_2` FOREIGN KEY (`teacher_code`) REFERENCES `teacher` (`teacher_code`);

--
-- Constraints for table `schedule`
--
ALTER TABLE `schedule`
  ADD CONSTRAINT `schedule_ibfk_1` FOREIGN KEY (`semester_id`) REFERENCES `semester` (`semester_id`),
  ADD CONSTRAINT `schedule_ibfk_2` FOREIGN KEY (`subject_code`) REFERENCES `subject` (`subject_code`),
  ADD CONSTRAINT `schedule_ibfk_3` FOREIGN KEY (`teacher_code`) REFERENCES `teacher` (`teacher_code`);

--
-- Constraints for table `semester`
--
ALTER TABLE `semester`
  ADD CONSTRAINT `semester_ibfk_1` FOREIGN KEY (`id_group`) REFERENCES `group` (`id_group`);

--
-- Constraints for table `student`
--
ALTER TABLE `student`
  ADD CONSTRAINT `student_ibfk_1` FOREIGN KEY (`classroom_code`) REFERENCES `classroom` (`classroom_code`);

--
-- Constraints for table `tuition`
--
ALTER TABLE `tuition`
  ADD CONSTRAINT `tuition_student_ibfk_1` FOREIGN KEY (`student_code`) REFERENCES `student` (`student_code`),
  ADD CONSTRAINT `tuition_student_ibfk_2` FOREIGN KEY (`semester_id`) REFERENCES `semester` (`semester_id`);

--
-- Constraints for table `tuition_detail`
--
ALTER TABLE `tuition_detail`
  ADD CONSTRAINT `tuition_ibfk_2` FOREIGN KEY (`subject_code`) REFERENCES `subject` (`subject_code`),
  ADD CONSTRAINT `tuition_ibfk_3` FOREIGN KEY (`tuition_id`) REFERENCES `tuition` (`tuition_id`);
COMMIT;

/*!40101 SET CHARACTER_SET_CLIENT=@OLD_CHARACTER_SET_CLIENT */;
/*!40101 SET CHARACTER_SET_RESULTS=@OLD_CHARACTER_SET_RESULTS */;
/*!40101 SET COLLATION_CONNECTION=@OLD_COLLATION_CONNECTION */;
